
-- Eliminar tablas si existen para un reinicio limpio (orden inverso de dependencias)

DROP TABLE IF EXISTS opportunity_observations;
DROP TABLE IF EXISTS opportunities;
DROP TABLE IF EXISTS employees;
DROP TABLE IF EXISTS job_roles;
DROP TABLE IF EXISTS accounts;
DROP TABLE IF EXISTS opportunity_statuses;
DROP TABLE IF EXISTS opportunity_types;
DROP TABLE IF EXISTS motives;

-- 1. Puestos y Roles
CREATE TABLE job_roles (
    id SERIAL PRIMARY KEY,
    name VARCHAR(50) UNIQUE NOT NULL -- 'Aprobador', 'Gerente Comercial', etc.
);

-- 2. Empleados (Vendedores, Preventas, Managers)
CREATE TABLE employees (
    id SERIAL PRIMARY KEY,
    full_name VARCHAR(150) NOT NULL,
    role_id INT REFERENCES job_roles(id) ON DELETE RESTRICT,
    is_active BOOLEAN DEFAULT TRUE,
    created_at TIMESTAMP DEFAULT CURRENT_TIMESTAMP
);

-- 3. Cuentas (Clientes)
CREATE TABLE accounts (
    id SERIAL PRIMARY KEY,
    name VARCHAR(150) UNIQUE NOT NULL,
    contact_name VARCHAR(100),
    contact_email VARCHAR(150),
    is_active BOOLEAN DEFAULT TRUE,
    created_at TIMESTAMP DEFAULT CURRENT_TIMESTAMP
);

-- 4. Auxiliares de Negocio
CREATE TABLE opportunity_statuses (id SERIAL PRIMARY KEY, name VARCHAR(100) UNIQUE NOT NULL);
CREATE TABLE opportunity_types (id SERIAL PRIMARY KEY, name VARCHAR(50) UNIQUE NOT NULL);
CREATE TABLE motives (id SERIAL PRIMARY KEY, name VARCHAR(100) UNIQUE NOT NULL);

-- 5. Tabla Principal: Oportunidades
CREATE TABLE opportunities (
    id SERIAL PRIMARY KEY,
    name VARCHAR(255) NOT NULL,
    account_id INT NOT NULL REFERENCES accounts(id),
    status_id INT NOT NULL REFERENCES opportunity_statuses(id),
    opportunity_type_id INT REFERENCES opportunity_types(id),
    
    -- Responsables
    manager_id INT NOT NULL REFERENCES employees(id), -- Gerente Comercial
    responsible_dc_id INT REFERENCES employees(id), -- Aprobador
    responsible_business_id INT REFERENCES employees(id),
    responsible_tech_id INT REFERENCES employees(id),

    -- Semáforo y Reglas de Negocio
    percentage INT DEFAULT 0 CHECK (percentage BETWEEN 0 AND 100),
    color_code VARCHAR(10) NOT NULL DEFAULT 'NONE', -- 'RED', 'YELLOW', 'GREEN', 'NONE'
    has_ia_proposal BOOLEAN DEFAULT FALSE,
    has_prototype BOOLEAN DEFAULT FALSE,
    has_rfp BOOLEAN DEFAULT FALSE, -- NUEVO CAMPO: RFP
    has_anteproyecto BOOLEAN DEFAULT FALSE, -- NUEVO CAMPO: Anteproyecto
    reason_motive TEXT,
    motive_id INT REFERENCES motives(id),
    
    -- Cronograma (Campos mantenidos originalmente)
    start_date DATE DEFAULT CURRENT_DATE, -- CORREGIDO: Permite valores nulos
    understanding_date DATE,
    engagement_date DATE,
    scope_date DATE,
    coe_date DATE,
    delivery_date DATE,      -- Fecha Compromiso
    commitment_date DATE,     -- Alias/Adicional de compromiso
    real_delivery_date DATE, -- Fecha Real
    
    -- Métricas de Esfuerzo e Integración
    estimated_hours INT,
    estimated_term_months NUMERIC(10,1), -- Modificado para permitir decimales (ej. 2.5)
    work_plan_link TEXT,
    k_red_index INT DEFAULT 0,
    order_index INT DEFAULT 0,

    -- Estados de Persistencia
    is_archived BOOLEAN DEFAULT FALSE, -- Determina pestaña ON vs ON-OUT
    deleted_at TIMESTAMP DEFAULT NULL,  -- Soft Delete para TRASH
    
    updated_at TIMESTAMP DEFAULT CURRENT_TIMESTAMP
);

-- 6. Observaciones de Oportunidades
CREATE TABLE opportunity_observations (
    id SERIAL PRIMARY KEY,
    opportunity_id INT NOT NULL REFERENCES opportunities(id) ON DELETE CASCADE,
    text TEXT NOT NULL,
    created_at TIMESTAMP DEFAULT CURRENT_TIMESTAMP,
    updated_at TIMESTAMP DEFAULT CURRENT_TIMESTAMP
);

--- INSERCIÓN DE DATOS SEGÚN REQUERIMIENTOS ---

-- Puestos y Roles (Req 12, 13, 14)
TRUNCATE TABLE job_roles RESTART IDENTITY CASCADE;
INSERT INTO job_roles (id, name) VALUES  (1, 'Analista de negocios');
INSERT INTO job_roles (id, name) VALUES  (2, 'Responsable técnico');
INSERT INTO job_roles (id, name) VALUES  (3, 'Aprobador');
INSERT INTO job_roles (id, name) VALUES  (4, 'Gerente Comercial')
ON CONFLICT (id) DO UPDATE SET name = EXCLUDED.name;
SELECT setval('job_roles_id_seq', 4, true);

-- Empleados (Req 3, 12, 13, 14)
TRUNCATE TABLE employees RESTART IDENTITY CASCADE;
INSERT INTO employees (full_name, role_id,id, is_active) VALUES ('Adriana Fabiani',1,1,TRUE);
INSERT INTO employees (full_name, role_id,id, is_active) VALUES ('Adriana Fabiani/Sebastian Casati',1,2,TRUE);
INSERT INTO employees (full_name, role_id,id, is_active) VALUES ('Alejandra Cau Juliá',1,3,TRUE);
INSERT INTO employees (full_name, role_id,id, is_active) VALUES ('Analia Romano',4,4,TRUE);
INSERT INTO employees (full_name, role_id,id, is_active) VALUES ('Belen Gentile',4,5,TRUE);
INSERT INTO employees (full_name, role_id,id, is_active) VALUES ('Carlos de Cabo',2,6,TRUE);
INSERT INTO employees (full_name, role_id,id, is_active) VALUES ('Carlos Giogi',4,7,TRUE);
INSERT INTO employees (full_name, role_id,id, is_active) VALUES ('COE',3,8,TRUE);
INSERT INTO employees (full_name, role_id,id, is_active) VALUES ('Comité IT',3,9,TRUE);
INSERT INTO employees (full_name, role_id,id, is_active) VALUES ('Damian Kakazu/Matias Lopez Barrios',3,10,TRUE);
INSERT INTO employees (full_name, role_id,id, is_active) VALUES ('Daniel Carabel/Alejandra Cau Juliá',1,11,TRUE);
INSERT INTO employees (full_name, role_id,id, is_active) VALUES ('Eduardo Chaparro',3,12,TRUE);
INSERT INTO employees (full_name, role_id,id, is_active) VALUES ('Eduardo Chaparro',2,13,TRUE);
INSERT INTO employees (full_name, role_id,id, is_active) VALUES ('Eduardo Chaparro/Eduardo Castillo',3,14,TRUE);
INSERT INTO employees (full_name, role_id,id, is_active) VALUES ('Esteban Rodriguez',3,15,TRUE);
INSERT INTO employees (full_name, role_id,id, is_active) VALUES ('Juan Valdes',2,16,TRUE);
INSERT INTO employees (full_name, role_id,id, is_active) VALUES ('Lakaut',2,17,TRUE);
INSERT INTO employees (full_name, role_id,id, is_active) VALUES ('Leandro Sayago',3,18,TRUE);
INSERT INTO employees (full_name, role_id,id, is_active) VALUES ('Leandro Sayago',1,19,TRUE);
INSERT INTO employees (full_name, role_id,id, is_active) VALUES ('Leandro Toloza/Alejandra Cau Juliá',1,20,TRUE);
INSERT INTO employees (full_name, role_id,id, is_active) VALUES ('Lucas Cabalaro',2,21,TRUE);
INSERT INTO employees (full_name, role_id,id, is_active) VALUES ('Lucas Percello',2,22,TRUE);
INSERT INTO employees (full_name, role_id,id, is_active) VALUES ('Lucas Percello/Sebastian Redondo',2,23,TRUE);
INSERT INTO employees (full_name, role_id,id, is_active) VALUES ('Matias Lopez Barrios',1,24,TRUE);
INSERT INTO employees (full_name, role_id,id, is_active) VALUES ('Matias Lopez Barrios',2,25,TRUE);
INSERT INTO employees (full_name, role_id,id, is_active) VALUES ('N/A',3,26,TRUE);
INSERT INTO employees (full_name, role_id,id, is_active) VALUES ('N/A',1,27,TRUE);
INSERT INTO employees (full_name, role_id,id, is_active) VALUES ('N/A',2,28,TRUE);
INSERT INTO employees (full_name, role_id,id, is_active) VALUES ('Pablo Barralia Lakaut',3,29,TRUE);
INSERT INTO employees (full_name, role_id,id, is_active) VALUES ('Pablo Macchia',2,30,TRUE);
INSERT INTO employees (full_name, role_id,id, is_active) VALUES ('Pablo Macchia/Stratesys',2,31,TRUE);
INSERT INTO employees (full_name, role_id,id, is_active) VALUES ('Pablo Segobia/Alejandra Cau Juliá',1,32,TRUE);
INSERT INTO employees (full_name, role_id,id, is_active) VALUES ('Ramses  Echeverria',2,33,TRUE);
INSERT INTO employees (full_name, role_id,id, is_active) VALUES ('Rocio Iribarne Cattaneo',4,34,TRUE);
INSERT INTO employees (full_name, role_id,id, is_active) VALUES ('S/Inform',2,35,TRUE);
INSERT INTO employees (full_name, role_id,id, is_active) VALUES ('Santiago Butelo',1,36,TRUE);
INSERT INTO employees (full_name, role_id,id, is_active) VALUES ('Sebastian Casati/Alejandra Cau Jliá',1,37,TRUE);
INSERT INTO employees (full_name, role_id,id, is_active) VALUES ('Sergio Dure',4,38,TRUE);
INSERT INTO employees (full_name, role_id,id, is_active) VALUES ('Xime Dabbe',4,39,TRUE);
INSERT INTO employees (full_name, role_id,id, is_active) VALUES ('Ximena Dabbe',4,40,TRUE);
INSERT INTO employees (full_name, role_id,id, is_active) VALUES ('Yamila Garre',4,41,TRUE);
INSERT INTO employees (full_name, role_id,id, is_active) VALUES ('',1,42,TRUE)
ON CONFLICT (id) DO UPDATE SET full_name = EXCLUDED.full_name;
SELECT setval('employees_id_seq', 42, true);

-- Cuentas (Req 5)
-- Eliminar datos anteriores si existen para reiniciar la secuencia o evitar duplicados en una inserción limpia
TRUNCATE TABLE accounts RESTART IDENTITY CASCADE;
INSERT INTO accounts (id, name, is_active) VALUES (1, 'AcerBrag', TRUE);
INSERT INTO accounts (id, name, is_active) VALUES (2, 'Addalia', TRUE);
INSERT INTO accounts (id, name, is_active) VALUES (3, 'Aeropuertos 2000', TRUE);
INSERT INTO accounts (id, name, is_active) VALUES (4, 'Agrotech', TRUE);
INSERT INTO accounts (id, name, is_active) VALUES (5, 'Andreani', TRUE);
INSERT INTO accounts (id, name, is_active) VALUES (6, 'Andres Safdie', TRUE);
INSERT INTO accounts (id, name, is_active) VALUES (7, 'Aracama Martin', TRUE);
INSERT INTO accounts (id, name, is_active) VALUES (8, 'Aramark', TRUE);
INSERT INTO accounts (id, name, is_active) VALUES (9, 'ARM Service', TRUE);
INSERT INTO accounts (id, name, is_active) VALUES (10, 'ASE Conecta', TRUE);
INSERT INTO accounts (id, name, is_active) VALUES (11, 'Atento', TRUE);
INSERT INTO accounts (id, name, is_active) VALUES (12, 'Banco del Sol', TRUE);
INSERT INTO accounts (id, name, is_active) VALUES (13, 'Banmédica - Chile', TRUE);
INSERT INTO accounts (id, name, is_active) VALUES (14, 'Bco Hipotecario', TRUE);
INSERT INTO accounts (id, name, is_active) VALUES (15, 'Bco Superville', TRUE);
INSERT INTO accounts (id, name, is_active) VALUES (16, 'Bimbo', TRUE);
INSERT INTO accounts (id, name, is_active) VALUES (17, 'BNA', TRUE);
INSERT INTO accounts (id, name, is_active) VALUES (18, 'Boldt', TRUE);
INSERT INTO accounts (id, name, is_active) VALUES (19, 'Brinks Argentina', TRUE);
INSERT INTO accounts (id, name, is_active) VALUES (20, 'Británico', TRUE);
INSERT INTO accounts (id, name, is_active) VALUES (21, 'BST - Grupo Financiero', TRUE);
INSERT INTO accounts (id, name, is_active) VALUES (22, 'Car One', TRUE);
INSERT INTO accounts (id, name, is_active) VALUES (23, 'CCB - 1412-2024', TRUE);
INSERT INTO accounts (id, name, is_active) VALUES (24, 'CCB - 1425-2024', TRUE);
INSERT INTO accounts (id, name, is_active) VALUES (25, 'CCB - 1428-2024', TRUE);
INSERT INTO accounts (id, name, is_active) VALUES (26, 'CCB - 1430 -2024', TRUE);
INSERT INTO accounts (id, name, is_active) VALUES (27, 'CCB - 1438 -2024', TRUE);
INSERT INTO accounts (id, name, is_active) VALUES (28, 'CCB - XXXX', TRUE);
INSERT INTO accounts (id, name, is_active) VALUES (29, 'Centaurus', TRUE);
INSERT INTO accounts (id, name, is_active) VALUES (30, 'CFOTech - RRHH', TRUE);
INSERT INTO accounts (id, name, is_active) VALUES (31, 'Claro', TRUE);
INSERT INTO accounts (id, name, is_active) VALUES (32, 'Coelsa', TRUE);
INSERT INTO accounts (id, name, is_active) VALUES (33, 'Colinet', TRUE);
INSERT INTO accounts (id, name, is_active) VALUES (34, 'Confuturo', TRUE);
INSERT INTO accounts (id, name, is_active) VALUES (35, 'Cooperativa Morteros', TRUE);
INSERT INTO accounts (id, name, is_active) VALUES (36, 'Cooperativa Unión Agropecuaria', TRUE);
INSERT INTO accounts (id, name, is_active) VALUES (37, 'Dadone', TRUE);
INSERT INTO accounts (id, name, is_active) VALUES (38, 'Despegar', TRUE);
INSERT INTO accounts (id, name, is_active) VALUES (39, 'Dienst', TRUE);
INSERT INTO accounts (id, name, is_active) VALUES (40, 'Ecipsa', TRUE);
INSERT INTO accounts (id, name, is_active) VALUES (41, 'Econorent', TRUE);
INSERT INTO accounts (id, name, is_active) VALUES (42, 'Enex', TRUE);
INSERT INTO accounts (id, name, is_active) VALUES (43, 'Famiq', TRUE);
INSERT INTO accounts (id, name, is_active) VALUES (44, 'Fango Bachas', TRUE);
INSERT INTO accounts (id, name, is_active) VALUES (45, 'Farmanet', TRUE);
INSERT INTO accounts (id, name, is_active) VALUES (46, 'Farmashop', TRUE);
INSERT INTO accounts (id, name, is_active) VALUES (47, 'FCA', TRUE);
INSERT INTO accounts (id, name, is_active) VALUES (48, 'Fravega -  RPA', TRUE);
INSERT INTO accounts (id, name, is_active) VALUES (49, 'Funeraria Rufino', TRUE);
INSERT INTO accounts (id, name, is_active) VALUES (50, 'GCABA', TRUE);
INSERT INTO accounts (id, name, is_active) VALUES (51, 'Gobierno Paraguay-Intendencias', TRUE);
INSERT INTO accounts (id, name, is_active) VALUES (52, 'Grupo Solnik', TRUE);
INSERT INTO accounts (id, name, is_active) VALUES (53, 'Grupo Tawa', TRUE);
INSERT INTO accounts (id, name, is_active) VALUES (54, 'Gruppe Heinlein', TRUE);
INSERT INTO accounts (id, name, is_active) VALUES (55, 'Gusta +', TRUE);
INSERT INTO accounts (id, name, is_active) VALUES (56, 'Haventic', TRUE);
INSERT INTO accounts (id, name, is_active) VALUES (57, 'HOP', TRUE);
INSERT INTO accounts (id, name, is_active) VALUES (58, 'Hospital Britanico ', TRUE);
INSERT INTO accounts (id, name, is_active) VALUES (59, 'ICBC', TRUE);
INSERT INTO accounts (id, name, is_active) VALUES (60, 'Iglesia evangelica', TRUE);
INSERT INTO accounts (id, name, is_active) VALUES (61, 'InexLink', TRUE);
INSERT INTO accounts (id, name, is_active) VALUES (62, 'Infobae', TRUE);
INSERT INTO accounts (id, name, is_active) VALUES (63, 'INSSIDE CIBERSEGURIDAD', TRUE);
INSERT INTO accounts (id, name, is_active) VALUES (64, 'Insud', TRUE);
INSERT INTO accounts (id, name, is_active) VALUES (65, 'Intcomex', TRUE);
INSERT INTO accounts (id, name, is_active) VALUES (66, 'IOL', TRUE);
INSERT INTO accounts (id, name, is_active) VALUES (67, 'IRSA', TRUE);
INSERT INTO accounts (id, name, is_active) VALUES (68, 'IT SYSTEMS INNOVA', TRUE);
INSERT INTO accounts (id, name, is_active) VALUES (69, 'JetSmart', TRUE);
INSERT INTO accounts (id, name, is_active) VALUES (70, 'Jorge Poccioni', TRUE);
INSERT INTO accounts (id, name, is_active) VALUES (71, 'Kaufmann', TRUE);
INSERT INTO accounts (id, name, is_active) VALUES (72, 'La Caja', TRUE);
INSERT INTO accounts (id, name, is_active) VALUES (73, 'La caja Tucuman version completa', TRUE);
INSERT INTO accounts (id, name, is_active) VALUES (74, 'La caja Tucuman version reducida', TRUE);
INSERT INTO accounts (id, name, is_active) VALUES (75, 'La Cámara Corredora de Seguros', TRUE);
INSERT INTO accounts (id, name, is_active) VALUES (76, 'La Holando Sudamericana', TRUE);
INSERT INTO accounts (id, name, is_active) VALUES (77, 'Laboratorio Argenetics', TRUE);
INSERT INTO accounts (id, name, is_active) VALUES (78, 'Laboratorio Raffo', TRUE);
INSERT INTO accounts (id, name, is_active) VALUES (79, 'LABORATORIO ROCHE', TRUE);
INSERT INTO accounts (id, name, is_active) VALUES (80, 'LAKAUT', TRUE);
INSERT INTO accounts (id, name, is_active) VALUES (81, 'LBO', TRUE);
INSERT INTO accounts (id, name, is_active) VALUES (82, 'Life Seguros', TRUE);
INSERT INTO accounts (id, name, is_active) VALUES (83, 'Logiteck', TRUE);
INSERT INTO accounts (id, name, is_active) VALUES (84, 'LotBA', TRUE);
INSERT INTO accounts (id, name, is_active) VALUES (85, 'Magiis', TRUE);
INSERT INTO accounts (id, name, is_active) VALUES (86, 'MAGIIS Argentina S.A.', TRUE);
INSERT INTO accounts (id, name, is_active) VALUES (87, 'MEDIFE', TRUE);
INSERT INTO accounts (id, name, is_active) VALUES (88, 'MEGA QM', TRUE);
INSERT INTO accounts (id, name, is_active) VALUES (89, 'MetroGas', TRUE);
INSERT INTO accounts (id, name, is_active) VALUES (90, 'Molymet', TRUE);
INSERT INTO accounts (id, name, is_active) VALUES (91, 'National Brokers', TRUE);
INSERT INTO accounts (id, name, is_active) VALUES (92, 'NEC', TRUE);
INSERT INTO accounts (id, name, is_active) VALUES (93, 'Ocasa', TRUE);
INSERT INTO accounts (id, name, is_active) VALUES (94, 'Omint', TRUE);
INSERT INTO accounts (id, name, is_active) VALUES (95, 'Orígenes ', TRUE);
INSERT INTO accounts (id, name, is_active) VALUES (96, 'Paraná ART', TRUE);
INSERT INTO accounts (id, name, is_active) VALUES (97, 'Paraná Seguro', TRUE);
INSERT INTO accounts (id, name, is_active) VALUES (98, 'Provincia Net', TRUE);
INSERT INTO accounts (id, name, is_active) VALUES (99, 'PwC', TRUE);
INSERT INTO accounts (id, name, is_active) VALUES (100, 'ROCHE', TRUE);
INSERT INTO accounts (id, name, is_active) VALUES (101, 'Rotoplas', TRUE);
INSERT INTO accounts (id, name, is_active) VALUES (102, 'Sacyr', TRUE);
INSERT INTO accounts (id, name, is_active) VALUES (103, 'Saugy', TRUE);
INSERT INTO accounts (id, name, is_active) VALUES (104, 'Scania', TRUE);
INSERT INTO accounts (id, name, is_active) VALUES (105, 'Scania ', TRUE);
INSERT INTO accounts (id, name, is_active) VALUES (106, 'Social Bowling Menphis', TRUE);
INSERT INTO accounts (id, name, is_active) VALUES (107, 'SunLoyalty', TRUE);
INSERT INTO accounts (id, name, is_active) VALUES (108, 'Superville', TRUE);
INSERT INTO accounts (id, name, is_active) VALUES (109, 'Supply Solutions', TRUE);
INSERT INTO accounts (id, name, is_active) VALUES (110, 'Synd.IO', TRUE);
INSERT INTO accounts (id, name, is_active) VALUES (111, 'Telecom', TRUE);
INSERT INTO accounts (id, name, is_active) VALUES (112, 'UDEP', TRUE);
INSERT INTO accounts (id, name, is_active) VALUES (113, 'Urbano ', TRUE);
INSERT INTO accounts (id, name, is_active) VALUES (114, 'UTN - e-Learning', TRUE);
INSERT INTO accounts (id, name, is_active) VALUES (115, 'Veritran', TRUE);
INSERT INTO accounts (id, name, is_active) VALUES (116, 'VISITAR SALUD ', TRUE);
INSERT INTO accounts (id, name, is_active) VALUES (117, 'Volkswagen', TRUE);
INSERT INTO accounts (id, name, is_active) VALUES (118, 'Yottalan', TRUE)
ON CONFLICT (id) DO UPDATE SET name = EXCLUDED.name, is_active = EXCLUDED.is_active;
-- Ajustar la secuencia para que el próximo ID sea 119
SELECT setval('accounts_id_seq', 118, true);

-- Estados de Oportunidad (Req 7)
TRUNCATE TABLE opportunity_statuses RESTART IDENTITY CASCADE;
INSERT INTO opportunity_statuses (id, name) VALUES (1, 'Capacity Desestimada C/P');
INSERT INTO opportunity_statuses (id, name) VALUES (2, 'Capacity Desestimada S/P ');
INSERT INTO opportunity_statuses (id, name) VALUES (3, 'Capacity Ganada S/P');
INSERT INTO opportunity_statuses (id, name) VALUES (4, 'Capacity Perdida S/P');
INSERT INTO opportunity_statuses (id, name) VALUES (5, 'Desestimada C/P');
INSERT INTO opportunity_statuses (id, name) VALUES (6, 'Desestimada S/P');
INSERT INTO opportunity_statuses (id, name) VALUES (7, 'Desestimada S/S');
INSERT INTO opportunity_statuses (id, name) VALUES (8, 'Elaboración');
INSERT INTO opportunity_statuses (id, name) VALUES (9, 'Esperando Resp. Cliente');
INSERT INTO opportunity_statuses (id, name) VALUES (10, 'Esperando Resp. Respuesta Cliente');
INSERT INTO opportunity_statuses (id, name) VALUES (11, 'Evaluación');
INSERT INTO opportunity_statuses (id, name) VALUES (12, 'Ganada');
INSERT INTO opportunity_statuses (id, name) VALUES (13, 'Manpower');
INSERT INTO opportunity_statuses (id, name) VALUES (14, 'Perdida')
ON CONFLICT (id) DO UPDATE SET name = EXCLUDED.name;
-- Ajustar la secuencia para que el próximo ID sea 15
SELECT setval('opportunity_statuses_id_seq', 14, true);

-- Tipos de Oportunidad / ON (Req 11)
TRUNCATE TABLE opportunity_types RESTART IDENTITY CASCADE;
INSERT INTO opportunity_types (id, name) VALUES  (1, 'Desa Web');
INSERT INTO opportunity_types (id, name) VALUES  (2, 'IA-ML');
INSERT INTO opportunity_types (id, name) VALUES  (3, 'Data');
INSERT INTO opportunity_types (id, name) VALUES  (4, 'Anteproyecto');
INSERT INTO opportunity_types (id, name) VALUES  (5, 'UX');
INSERT INTO opportunity_types (id, name) VALUES  (6, 'Soporte Técnico');
INSERT INTO opportunity_types (id, name) VALUES  (7, 'Desa Mobile');
INSERT INTO opportunity_types (id, name) VALUES  (8, 'Ciberseguridad');
INSERT INTO opportunity_types (id, name) VALUES  (9, 'RPA-Power');
INSERT INTO opportunity_types (id, name) VALUES  (10, 'Soporte Infraestructura');
INSERT INTO opportunity_types (id, name) VALUES  (11, 'QA-Testing');
INSERT INTO opportunity_types (id, name) VALUES  (12, 'Licencias');
INSERT INTO opportunity_types (id, name) VALUES  (13, 'Data o BI');
INSERT INTO opportunity_types (id, name) VALUES  (14, 'N/A');
INSERT INTO opportunity_types (id, name) VALUES  (15, 'RPA-Uipath');
INSERT INTO opportunity_types (id, name) VALUES  (16, 'Desa Web ');
INSERT INTO opportunity_types (id, name) VALUES  (17, 'Desa Web Mob');
INSERT INTO opportunity_types (id, name) VALUES  (18, 'RPA-Rocket');
INSERT INTO opportunity_types (id, name) VALUES  (19, 'SAP');
INSERT INTO opportunity_types (id, name) VALUES  (20, 'Otras');
INSERT INTO opportunity_types (id, name) VALUES  (21, 'Discovery-Diseño');
INSERT INTO opportunity_types (id, name) VALUES  (22, 'Seguridad');
INSERT INTO opportunity_types (id, name) VALUES  (23, 'Capacity')
ON CONFLICT (id) DO UPDATE SET name = EXCLUDED.name;
SELECT setval('opportunity_types_id_seq', 23, true);

-- Motivos (Req 23)
-- Eliminar datos anteriores si existen para reiniciar la secuencia o evitar duplicados en una inserción limpia
TRUNCATE TABLE motives RESTART IDENTITY CASCADE;
INSERT INTO motives (id, name) VALUES (1, '3');
INSERT INTO motives (id, name) VALUES (2, 'Alcance');
INSERT INTO motives (id, name) VALUES (3, 'Baja Dirección');
INSERT INTO motives (id, name) VALUES (4, 'Cerrada por el cliente');
INSERT INTO motives (id, name) VALUES (5, 'Cliente sin Presupuesto');
INSERT INTO motives (id, name) VALUES (6, 'Cliente sin respuesta');
INSERT INTO motives (id, name) VALUES (7, 'Costo');
INSERT INTO motives (id, name) VALUES (8, 'Costo Experiencia');
INSERT INTO motives (id, name) VALUES (9, 'Costo Tiempo');
INSERT INTO motives (id, name) VALUES (10, 'Falta Motivo');
INSERT INTO motives (id, name) VALUES (11, 'Sin Presupuesto');
INSERT INTO motives (id, name) VALUES (12, 'Sin Relevar');
INSERT INTO motives (id, name) VALUES (13, 'Sin Servicio')
ON CONFLICT (id) DO UPDATE SET name = EXCLUDED.name;
-- Ajustar la secuencia para que el próximo ID sea 14
SELECT setval('motives_id_seq', 13, true);

-- Oportunidades de Ejemplo
TRUNCATE TABLE opportunities RESTART IDENTITY CASCADE;
INSERT INTO opportunities (name, account_id, status_id, manager_id, responsible_dc_id, responsible_business_id, responsible_tech_id, percentage, color_code, start_date,understanding_date,scope_date,coe_date, delivery_date, real_delivery_date, estimated_hours, estimated_term_months, work_plan_link, has_ia_proposal, has_prototype, has_rfp, has_anteproyecto, k_red_index,is_archived,motive_id,opportunity_type_id,id) VALUES ('Desarrollo plataforma de Video Vigilancia',118,11,38,8,32,30,NULL,'NONE',NULL,NULL,NULL,NULL,NULL,NULL,NULL,NULL,NULL,NULL,NULL,FALSE,NULL,0,FALSE,NULL,1,194);
INSERT INTO opportunities (name, account_id, status_id, manager_id, responsible_dc_id, responsible_business_id, responsible_tech_id, percentage, color_code, start_date,understanding_date,scope_date,coe_date, delivery_date, real_delivery_date, estimated_hours, estimated_term_months, work_plan_link, has_ia_proposal, has_prototype, has_rfp, has_anteproyecto, k_red_index,is_archived,motive_id,opportunity_type_id,id) VALUES ('Migración a Cloud y Reingeniería del sistema de Alquileres',41,11,38,8,32,30,NULL,'NONE',NULL,'2025-12-26',NULL,NULL,NULL,NULL,NULL,NULL,NULL,NULL,NULL,FALSE,NULL,0,FALSE,NULL,1,190);
INSERT INTO opportunities (name, account_id, status_id, manager_id, responsible_dc_id, responsible_business_id, responsible_tech_id, percentage, color_code, start_date,understanding_date,scope_date,coe_date, delivery_date, real_delivery_date, estimated_hours, estimated_term_months, work_plan_link, has_ia_proposal, has_prototype, has_rfp, has_anteproyecto, k_red_index,is_archived,motive_id,opportunity_type_id,id) VALUES ('Automatización de procesos (Precios Usados)',22,8,41,8,20,30,NULL,'NONE',NULL,NULL,NULL,NULL,NULL,NULL,NULL,NULL,NULL,NULL,NULL,FALSE,NULL,0,FALSE,NULL,2,192);
INSERT INTO opportunities (name, account_id, status_id, manager_id, responsible_dc_id, responsible_business_id, responsible_tech_id, percentage, color_code, start_date,understanding_date,scope_date,coe_date, delivery_date, real_delivery_date, estimated_hours, estimated_term_months, work_plan_link, has_ia_proposal, has_prototype, has_rfp, has_anteproyecto, k_red_index,is_archived,motive_id,opportunity_type_id,id) VALUES ('Nueva Plataforma integral de seguros de ART',76,8,4,8,37,30,NULL,'NONE','2026-11-03','2026-12-12',NULL,NULL,NULL,NULL,NULL,NULL,NULL,NULL,NULL,FALSE,NULL,0,FALSE,NULL,1,179);
INSERT INTO opportunities (name, account_id, status_id, manager_id, responsible_dc_id, responsible_business_id, responsible_tech_id, percentage, color_code, start_date,understanding_date,scope_date,coe_date, delivery_date, real_delivery_date, estimated_hours, estimated_term_months, work_plan_link, has_ia_proposal, has_prototype, has_rfp, has_anteproyecto, k_red_index,is_archived,motive_id,opportunity_type_id,id) VALUES ('Base Inventario - Relevamiento y Normalización de datos (Access, Excel, Csv, etc) ',117,8,4,8,NULL,NULL,NULL,'NONE',NULL,NULL,NULL,NULL,'2026-01-13',NULL,NULL,NULL,NULL,NULL,NULL,FALSE,NULL,NULL,FALSE,NULL,3,199);
INSERT INTO opportunities (name, account_id, status_id, manager_id, responsible_dc_id, responsible_business_id, responsible_tech_id, percentage, color_code, start_date,understanding_date,scope_date,coe_date, delivery_date, real_delivery_date, estimated_hours, estimated_term_months, work_plan_link, has_ia_proposal, has_prototype, has_rfp, has_anteproyecto, k_red_index,is_archived,motive_id,opportunity_type_id,id) VALUES ('Desarrollo - Nuevo Portal de Seguimiento de Obra',40,8,4,8,20,30,NULL,'NONE','2026-12-18','2025-12-23','2025-01-06','2026-01-12','2026-01-13','2026-01-13',NULL,NULL,NULL,NULL,NULL,FALSE,NULL,0,FALSE,NULL,1,196);
INSERT INTO opportunities (name, account_id, status_id, manager_id, responsible_dc_id, responsible_business_id, responsible_tech_id, percentage, color_code, start_date,understanding_date,scope_date,coe_date, delivery_date, real_delivery_date, estimated_hours, estimated_term_months, work_plan_link, has_ia_proposal, has_prototype, has_rfp, has_anteproyecto, k_red_index,is_archived,motive_id,opportunity_type_id,id) VALUES ('Ante - Proyecto Nueva Plataforma integral de seguros de ART',76,9,4,8,3,30,NULL,'NONE','2026-01-07','2026-01-07','2026-01-08','2026-01-09','2026-01-09','2026-01-12',160,0.75,NULL,NULL,NULL,FALSE,NULL,0,FALSE,NULL,4,200);
INSERT INTO opportunities (name, account_id, status_id, manager_id, responsible_dc_id, responsible_business_id, responsible_tech_id, percentage, color_code, start_date,understanding_date,scope_date,coe_date, delivery_date, real_delivery_date, estimated_hours, estimated_term_months, work_plan_link, has_ia_proposal, has_prototype, has_rfp, has_anteproyecto, k_red_index,is_archived,motive_id,opportunity_type_id,id) VALUES ('Desarrollo - Integración Visma-Humand',98,9,41,8,32,30,NULL,'NONE','2025-12-22','2026-12-23','2025-12-26',NULL,'2026-01-02','2026-01-02',NULL,NULL,NULL,NULL,NULL,FALSE,NULL,1,FALSE,NULL,1,197);
INSERT INTO opportunities (name, account_id, status_id, manager_id, responsible_dc_id, responsible_business_id, responsible_tech_id, percentage, color_code, start_date,understanding_date,scope_date,coe_date, delivery_date, real_delivery_date, estimated_hours, estimated_term_months, work_plan_link, has_ia_proposal, has_prototype, has_rfp, has_anteproyecto, k_red_index,is_archived,motive_id,opportunity_type_id,id) VALUES ('Desarrollo  - Design System - Bplay',18,9,41,8,32,30,NULL,'NONE',NULL,'2025-12-19','2025-12-19',NULL,'2025-12-30','2025-12-30',NULL,NULL,NULL,NULL,NULL,FALSE,NULL,1,FALSE,NULL,5,195);
INSERT INTO opportunities (name, account_id, status_id, manager_id, responsible_dc_id, responsible_business_id, responsible_tech_id, percentage, color_code, start_date,understanding_date,scope_date,coe_date, delivery_date, real_delivery_date, estimated_hours, estimated_term_months, work_plan_link, has_ia_proposal, has_prototype, has_rfp, has_anteproyecto, k_red_index,is_archived,motive_id,opportunity_type_id,id) VALUES ('Licitación  Servicios TI – GDE, GDI, DBA, MdeA y Micro',108,9,4,8,32,30,NULL,'NONE',NULL,'2026-12-10','2026-12-12',NULL,'2025-12-19','2025-12-19',NULL,12,NULL,NULL,NULL,TRUE,NULL,1,FALSE,NULL,6,193);
INSERT INTO opportunities (name, account_id, status_id, manager_id, responsible_dc_id, responsible_business_id, responsible_tech_id, percentage, color_code, start_date,understanding_date,scope_date,coe_date, delivery_date, real_delivery_date, estimated_hours, estimated_term_months, work_plan_link, has_ia_proposal, has_prototype, has_rfp, has_anteproyecto, k_red_index,is_archived,motive_id,opportunity_type_id,id) VALUES ('Desarrollo plataforma de Contratación de servicios de Cremación',49,9,38,8,37,30,NULL,'NONE',NULL,NULL,'2025-12-01','2025-12-05','2025-12-05','2025-12-05',319,2,NULL,NULL,NULL,FALSE,NULL,1,FALSE,1,1,184);
INSERT INTO opportunities (name, account_id, status_id, manager_id, responsible_dc_id, responsible_business_id, responsible_tech_id, percentage, color_code, start_date,understanding_date,scope_date,coe_date, delivery_date, real_delivery_date, estimated_hours, estimated_term_months, work_plan_link, has_ia_proposal, has_prototype, has_rfp, has_anteproyecto, k_red_index,is_archived,motive_id,opportunity_type_id,id) VALUES ('Sistema "JUCO" Servicio de mantenimiento correctivo  incidentes reportados',50,10,38,8,3,30,0.75,'NONE',NULL,NULL,'2025-11-28',NULL,'2025-12-01','2025-12-01',638,2,NULL,NULL,NULL,FALSE,NULL,1,FALSE,NULL,1,188);
INSERT INTO opportunities (name, account_id, status_id, manager_id, responsible_dc_id, responsible_business_id, responsible_tech_id, percentage, color_code, start_date,understanding_date,scope_date,coe_date, delivery_date, real_delivery_date, estimated_hours, estimated_term_months, work_plan_link, has_ia_proposal, has_prototype, has_rfp, has_anteproyecto, k_red_index,is_archived,motive_id,opportunity_type_id,id) VALUES ('LICITACION - Desarrollo de Proyecto de Migración de SUF a SICOT Ronda II',67,9,41,8,32,30,0.95,'NONE',NULL,NULL,'2025-06-26',NULL,'2025-07-03','2025-07-03',3368,4,NULL,NULL,NULL,TRUE,NULL,1,FALSE,NULL,1,154);
INSERT INTO opportunities (name, account_id, status_id, manager_id, responsible_dc_id, responsible_business_id, responsible_tech_id, percentage, color_code, start_date,understanding_date,scope_date,coe_date, delivery_date, real_delivery_date, estimated_hours, estimated_term_months, work_plan_link, has_ia_proposal, has_prototype, has_rfp, has_anteproyecto, k_red_index,is_archived,motive_id,opportunity_type_id,id) VALUES ('MVP3 Media y Baja - Nuevas Funcionalidades en el Portal de Productores',96,5,4,8,37,30,NULL,'NONE',NULL,NULL,'2025-09-01','2025-09-11','2025-09-11','2025-09-11',2343,NULL,NULL,NULL,NULL,FALSE,NULL,2,FALSE,5,1,167);
INSERT INTO opportunities (name, account_id, status_id, manager_id, responsible_dc_id, responsible_business_id, responsible_tech_id, percentage, color_code, start_date,understanding_date,scope_date,coe_date, delivery_date, real_delivery_date, estimated_hours, estimated_term_months, work_plan_link, has_ia_proposal, has_prototype, has_rfp, has_anteproyecto, k_red_index,is_archived,motive_id,opportunity_type_id,id) VALUES ('Desarrollo módulos de Siniestros y Auditorias Médicas',96,6,4,8,32,30,NULL,'NONE',NULL,NULL,NULL,NULL,NULL,NULL,NULL,NULL,NULL,NULL,NULL,FALSE,NULL,1,FALSE,5,1,180);
INSERT INTO opportunities (name, account_id, status_id, manager_id, responsible_dc_id, responsible_business_id, responsible_tech_id, percentage, color_code, start_date,understanding_date,scope_date,coe_date, delivery_date, real_delivery_date, estimated_hours, estimated_term_months, work_plan_link, has_ia_proposal, has_prototype, has_rfp, has_anteproyecto, k_red_index,is_archived,motive_id,opportunity_type_id,id) VALUES ('Licitación Servicio especializado de Ciberseguridad',14,7,41,8,32,21,NULL,'NONE',NULL,NULL,NULL,NULL,NULL,NULL,NULL,NULL,NULL,NULL,NULL,TRUE,NULL,0,FALSE,13,8,198);
INSERT INTO opportunities (name, account_id, status_id, manager_id, responsible_dc_id, responsible_business_id, responsible_tech_id, percentage, color_code, start_date,understanding_date,scope_date,coe_date, delivery_date, real_delivery_date, estimated_hours, estimated_term_months, work_plan_link, has_ia_proposal, has_prototype, has_rfp, has_anteproyecto, k_red_index,is_archived,motive_id,opportunity_type_id,id) VALUES ('Desarrollo de Chatbot para la unidad Vial (Web y Mobile)',18,14,41,8,32,30,NULL,'NONE',NULL,NULL,'2025-11-11',NULL,'2025-11-25','2025-11-25',1924,3,NULL,NULL,NULL,FALSE,NULL,1,FALSE,10,1,181);
INSERT INTO opportunities (name, account_id, status_id, manager_id, responsible_dc_id, responsible_business_id, responsible_tech_id, percentage, color_code, start_date,understanding_date,scope_date,coe_date, delivery_date, real_delivery_date, estimated_hours, estimated_term_months, work_plan_link, has_ia_proposal, has_prototype, has_rfp, has_anteproyecto, k_red_index,is_archived,motive_id,opportunity_type_id,id) VALUES ('Desarrollar app para plataforma de streaming en Smart TV (LG y Samsung)',118,9,38,8,37,30,NULL,'NONE',NULL,NULL,'2025-11-24','2025-11-28','2025-11-28','2025-11-28',264,NULL,NULL,NULL,NULL,FALSE,NULL,1,TRUE,1,7,185);
INSERT INTO opportunities (name, account_id, status_id, manager_id, responsible_dc_id, responsible_business_id, responsible_tech_id, percentage, color_code, start_date,understanding_date,scope_date,coe_date, delivery_date, real_delivery_date, estimated_hours, estimated_term_months, work_plan_link, has_ia_proposal, has_prototype, has_rfp, has_anteproyecto, k_red_index,is_archived,motive_id,opportunity_type_id,id) VALUES ('Capacitación en RPA original + extención',35,3,38,26,26,26,1,'NONE',NULL,NULL,NULL,NULL,'2025-09-26','2025-09-26',12,1,NULL,NULL,NULL,FALSE,NULL,1,TRUE,NULL,9,176);
INSERT INTO opportunities (name, account_id, status_id, manager_id, responsible_dc_id, responsible_business_id, responsible_tech_id, percentage, color_code, start_date,understanding_date,scope_date,coe_date, delivery_date, real_delivery_date, estimated_hours, estimated_term_months, work_plan_link, has_ia_proposal, has_prototype, has_rfp, has_anteproyecto, k_red_index,is_archived,motive_id,opportunity_type_id,id) VALUES ('Desarrollo Portal Privado',34,5,38,8,32,30,NULL,'NONE',NULL,NULL,'2025-12-01',NULL,'2025-12-05','2025-12-05',1917,5,NULL,NULL,NULL,FALSE,NULL,1,TRUE,4,1,191);
INSERT INTO opportunities (name, account_id, status_id, manager_id, responsible_dc_id, responsible_business_id, responsible_tech_id, percentage, color_code, start_date,understanding_date,scope_date,coe_date, delivery_date, real_delivery_date, estimated_hours, estimated_term_months, work_plan_link, has_ia_proposal, has_prototype, has_rfp, has_anteproyecto, k_red_index,is_archived,motive_id,opportunity_type_id,id) VALUES ('Desarrollo Plataforma CIE-Conector-Inteligente-de-Eventos',59,10,38,8,32,30,NULL,'NONE',NULL,NULL,'2025-10-06',NULL,'2025-10-13','2025-10-13',3359,7,NULL,NULL,NULL,FALSE,NULL,1,TRUE,1,1,177);
INSERT INTO opportunities (name, account_id, status_id, manager_id, responsible_dc_id, responsible_business_id, responsible_tech_id, percentage, color_code, start_date,understanding_date,scope_date,coe_date, delivery_date, real_delivery_date, estimated_hours, estimated_term_months, work_plan_link, has_ia_proposal, has_prototype, has_rfp, has_anteproyecto, k_red_index,is_archived,motive_id,opportunity_type_id,id) VALUES ('Sistema JUC/JUCO Servicio de Infraestructura y Soporte de CI/CD',50,5,38,8,3,30,NULL,'NONE',NULL,NULL,'2025-11-28',NULL,'2025-12-01','2025-12-01',1241,NULL,NULL,NULL,NULL,FALSE,NULL,3,TRUE,4,10,189);
INSERT INTO opportunities (name, account_id, status_id, manager_id, responsible_dc_id, responsible_business_id, responsible_tech_id, percentage, color_code, start_date,understanding_date,scope_date,coe_date, delivery_date, real_delivery_date, estimated_hours, estimated_term_months, work_plan_link, has_ia_proposal, has_prototype, has_rfp, has_anteproyecto, k_red_index,is_archived,motive_id,opportunity_type_id,id) VALUES ('Licitación PLIEG-2025-47059329-GCABA-DGCIUD (Celula de Testing manual y aiutomático)',50,5,38,8,32,30,NULL,'NONE',NULL,NULL,NULL,NULL,'2025-12-03','2025-12-03',NULL,NULL,NULL,NULL,NULL,TRUE,NULL,2,TRUE,3,11,187);
INSERT INTO opportunities (name, account_id, status_id, manager_id, responsible_dc_id, responsible_business_id, responsible_tech_id, percentage, color_code, start_date,understanding_date,scope_date,coe_date, delivery_date, real_delivery_date, estimated_hours, estimated_term_months, work_plan_link, has_ia_proposal, has_prototype, has_rfp, has_anteproyecto, k_red_index,is_archived,motive_id,opportunity_type_id,id) VALUES ('Onboarding Licitación 2051-1796-LPU25 Servicio Correctivo Evolutivo',50,6,7,26,26,26,NULL,'NONE',NULL,NULL,NULL,NULL,'2025-11-25','2025-11-25',NULL,NULL,NULL,NULL,NULL,TRUE,NULL,2,TRUE,3,1,186);
INSERT INTO opportunities (name, account_id, status_id, manager_id, responsible_dc_id, responsible_business_id, responsible_tech_id, percentage, color_code, start_date,understanding_date,scope_date,coe_date, delivery_date, real_delivery_date, estimated_hours, estimated_term_months, work_plan_link, has_ia_proposal, has_prototype, has_rfp, has_anteproyecto, k_red_index,is_archived,motive_id,opportunity_type_id,id) VALUES ('Servicio de SW  Corporativa para SPA y app Web',71,6,38,8,11,31,NULL,'NONE',NULL,NULL,NULL,NULL,'2025-09-05','2025-09-05',NULL,NULL,NULL,NULL,NULL,FALSE,NULL,2,TRUE,13,6,183);
INSERT INTO opportunities (name, account_id, status_id, manager_id, responsible_dc_id, responsible_business_id, responsible_tech_id, percentage, color_code, start_date,understanding_date,scope_date,coe_date, delivery_date, real_delivery_date, estimated_hours, estimated_term_months, work_plan_link, has_ia_proposal, has_prototype, has_rfp, has_anteproyecto, k_red_index,is_archived,motive_id,opportunity_type_id,id) VALUES ('Continuidad Operativa Herramientas CA Broadcom+API ',59,7,38,8,3,30,NULL,'NONE',NULL,NULL,'2025-10-06',NULL,'2025-10-13','2025-10-13',638,2,NULL,NULL,NULL,FALSE,NULL,2,TRUE,13,1,182);
INSERT INTO opportunities (name, account_id, status_id, manager_id, responsible_dc_id, responsible_business_id, responsible_tech_id, percentage, color_code, start_date,understanding_date,scope_date,coe_date, delivery_date, real_delivery_date, estimated_hours, estimated_term_months, work_plan_link, has_ia_proposal, has_prototype, has_rfp, has_anteproyecto, k_red_index,is_archived,motive_id,opportunity_type_id,id) VALUES ('Venta de licencias CheckMarx con Capacitación y soporte',42,7,38,8,3,30,NULL,'NONE',NULL,NULL,NULL,NULL,'2025-10-21','2025-10-21',NULL,NULL,NULL,NULL,NULL,FALSE,NULL,2,TRUE,13,12,178);
INSERT INTO opportunities (name, account_id, status_id, manager_id, responsible_dc_id, responsible_business_id, responsible_tech_id, percentage, color_code, start_date,understanding_date,scope_date,coe_date, delivery_date, real_delivery_date, estimated_hours, estimated_term_months, work_plan_link, has_ia_proposal, has_prototype, has_rfp, has_anteproyecto, k_red_index,is_archived,motive_id,opportunity_type_id,id) VALUES ('Capacity Service equipo para capacitaciones Sapiens',72,2,4,26,26,26,NULL,'NONE',NULL,NULL,NULL,NULL,'2025-09-26','2025-09-26',NULL,NULL,NULL,NULL,NULL,FALSE,NULL,2,TRUE,6,13,175);
INSERT INTO opportunities (name, account_id, status_id, manager_id, responsible_dc_id, responsible_business_id, responsible_tech_id, percentage, color_code, start_date,understanding_date,scope_date,coe_date, delivery_date, real_delivery_date, estimated_hours, estimated_term_months, work_plan_link, has_ia_proposal, has_prototype, has_rfp, has_anteproyecto, k_red_index,is_archived,motive_id,opportunity_type_id,id) VALUES ('Consultoría de Experiencia de Usuario (UX)',90,6,38,26,26,26,NULL,'NONE',NULL,NULL,NULL,NULL,'2025-10-10','2025-10-10',NULL,NULL,NULL,NULL,NULL,FALSE,NULL,2,TRUE,12,5,174);
INSERT INTO opportunities (name, account_id, status_id, manager_id, responsible_dc_id, responsible_business_id, responsible_tech_id, percentage, color_code, start_date,understanding_date,scope_date,coe_date, delivery_date, real_delivery_date, estimated_hours, estimated_term_months, work_plan_link, has_ia_proposal, has_prototype, has_rfp, has_anteproyecto, k_red_index,is_archived,motive_id,opportunity_type_id,id) VALUES ('Asesoramiento para Elaborar Business Case -  RPA',40,6,4,26,26,26,NULL,'NONE',NULL,NULL,NULL,NULL,'2025-10-01','2025-10-01',NULL,NULL,NULL,NULL,NULL,FALSE,NULL,2,TRUE,12,9,173);
INSERT INTO opportunities (name, account_id, status_id, manager_id, responsible_dc_id, responsible_business_id, responsible_tech_id, percentage, color_code, start_date,understanding_date,scope_date,coe_date, delivery_date, real_delivery_date, estimated_hours, estimated_term_months, work_plan_link, has_ia_proposal, has_prototype, has_rfp, has_anteproyecto, k_red_index,is_archived,motive_id,opportunity_type_id,id) VALUES ('MVP3 Alta Prioridad  Nuevas Funcionalidadesen el Portal de Productores',96,12,4,8,37,30,NULL,'NONE',NULL,NULL,'2025-09-01','2025-09-11','2025-09-11','2025-09-11',1063,NULL,NULL,NULL,NULL,FALSE,NULL,2,TRUE,NULL,1,172);
INSERT INTO opportunities (name, account_id, status_id, manager_id, responsible_dc_id, responsible_business_id, responsible_tech_id, percentage, color_code, start_date,understanding_date,scope_date,coe_date, delivery_date, real_delivery_date, estimated_hours, estimated_term_months, work_plan_link, has_ia_proposal, has_prototype, has_rfp, has_anteproyecto, k_red_index,is_archived,motive_id,opportunity_type_id,id) VALUES ('Desarrollo del  sitio instruccional (funcionalidad mínima)',83,6,41,26,26,26,NULL,'NONE',NULL,NULL,NULL,NULL,'2025-09-10','2025-09-10',NULL,NULL,NULL,NULL,NULL,FALSE,NULL,2,TRUE,12,1,171);
INSERT INTO opportunities (name, account_id, status_id, manager_id, responsible_dc_id, responsible_business_id, responsible_tech_id, percentage, color_code, start_date,understanding_date,scope_date,coe_date, delivery_date, real_delivery_date, estimated_hours, estimated_term_months, work_plan_link, has_ia_proposal, has_prototype, has_rfp, has_anteproyecto, k_red_index,is_archived,motive_id,opportunity_type_id,id) VALUES ('Integraciones Salforce- Worknet- Onboarding nuevos clientes',62,12,38,8,20,30,1,'NONE',NULL,NULL,'2025-10-22','2025-10-24','2025-10-27','2025-10-27',1915,3,NULL,NULL,NULL,FALSE,NULL,2,TRUE,NULL,1,170);
INSERT INTO opportunities (name, account_id, status_id, manager_id, responsible_dc_id, responsible_business_id, responsible_tech_id, percentage, color_code, start_date,understanding_date,scope_date,coe_date, delivery_date, real_delivery_date, estimated_hours, estimated_term_months, work_plan_link, has_ia_proposal, has_prototype, has_rfp, has_anteproyecto, k_red_index,is_archived,motive_id,opportunity_type_id,id) VALUES ('RFP para el desarrollo del Gestor de transacciones Web',34,5,38,8,32,30,NULL,'NONE',NULL,NULL,'2025-09-09',NULL,'2025-09-22','2025-09-22',3726,4,NULL,NULL,NULL,TRUE,NULL,2,TRUE,4,1,169);
INSERT INTO opportunities (name, account_id, status_id, manager_id, responsible_dc_id, responsible_business_id, responsible_tech_id, percentage, color_code, start_date,understanding_date,scope_date,coe_date, delivery_date, real_delivery_date, estimated_hours, estimated_term_months, work_plan_link, has_ia_proposal, has_prototype, has_rfp, has_anteproyecto, k_red_index,is_archived,motive_id,opportunity_type_id,id) VALUES ('Propuesta Célula de QA Testing manual',97,1,4,8,3,30,NULL,'NONE',NULL,NULL,'2025-09-11',NULL,'2025-09-22','2025-09-22',320,2,NULL,NULL,NULL,FALSE,NULL,2,TRUE,11,11,168);
INSERT INTO opportunities (name, account_id, status_id, manager_id, responsible_dc_id, responsible_business_id, responsible_tech_id, percentage, color_code, start_date,understanding_date,scope_date,coe_date, delivery_date, real_delivery_date, estimated_hours, estimated_term_months, work_plan_link, has_ia_proposal, has_prototype, has_rfp, has_anteproyecto, k_red_index,is_archived,motive_id,opportunity_type_id,id) VALUES ('Aplicación Web - Conciliación con Arca para Iva Compra - Iva Venta',54,5,38,8,32,30,NULL,'NONE',NULL,NULL,'2025-08-25',NULL,'2025-09-01','2025-09-01',321,2,NULL,NULL,NULL,FALSE,NULL,2,TRUE,11,1,166);
INSERT INTO opportunities (name, account_id, status_id, manager_id, responsible_dc_id, responsible_business_id, responsible_tech_id, percentage, color_code, start_date,understanding_date,scope_date,coe_date, delivery_date, real_delivery_date, estimated_hours, estimated_term_months, work_plan_link, has_ia_proposal, has_prototype, has_rfp, has_anteproyecto, k_red_index,is_archived,motive_id,opportunity_type_id,id) VALUES ('Consultoria - Evaluación de estandares para la entrega de soluciones de software',109,6,41,26,26,26,NULL,'NONE',NULL,NULL,NULL,NULL,'2025-09-10','2025-09-10',NULL,NULL,NULL,NULL,NULL,FALSE,NULL,2,TRUE,12,14,165);
INSERT INTO opportunities (name, account_id, status_id, manager_id, responsible_dc_id, responsible_business_id, responsible_tech_id, percentage, color_code, start_date,understanding_date,scope_date,coe_date, delivery_date, real_delivery_date, estimated_hours, estimated_term_months, work_plan_link, has_ia_proposal, has_prototype, has_rfp, has_anteproyecto, k_red_index,is_archived,motive_id,opportunity_type_id,id) VALUES ('Workstream Outline - Perfiles',110,6,38,26,26,26,NULL,'NONE',NULL,NULL,NULL,NULL,'2025-08-01','2025-08-01',NULL,NULL,NULL,NULL,NULL,FALSE,NULL,2,TRUE,12,14,164);
INSERT INTO opportunities (name, account_id, status_id, manager_id, responsible_dc_id, responsible_business_id, responsible_tech_id, percentage, color_code, start_date,understanding_date,scope_date,coe_date, delivery_date, real_delivery_date, estimated_hours, estimated_term_months, work_plan_link, has_ia_proposal, has_prototype, has_rfp, has_anteproyecto, k_red_index,is_archived,motive_id,opportunity_type_id,id) VALUES ('Desarrollo - Aplicación de licitación y adjudicación de ofertas para planes de venta de  inmuebles',40,5,4,8,37,30,NULL,'NONE',NULL,NULL,'2025-08-05',NULL,'2025-08-08','2025-08-08',1850,3,NULL,NULL,NULL,TRUE,NULL,2,TRUE,11,1,163);
INSERT INTO opportunities (name, account_id, status_id, manager_id, responsible_dc_id, responsible_business_id, responsible_tech_id, percentage, color_code, start_date,understanding_date,scope_date,coe_date, delivery_date, real_delivery_date, estimated_hours, estimated_term_months, work_plan_link, has_ia_proposal, has_prototype, has_rfp, has_anteproyecto, k_red_index,is_archived,motive_id,opportunity_type_id,id) VALUES ('Desarrollo Sistema de Encuestas Regionales',99,14,4,8,32,24,NULL,'NONE',NULL,NULL,'2025-08-08',NULL,'2025-08-12','2025-08-12',2800,4,NULL,NULL,NULL,FALSE,NULL,2,TRUE,7,1,162);
INSERT INTO opportunities (name, account_id, status_id, manager_id, responsible_dc_id, responsible_business_id, responsible_tech_id, percentage, color_code, start_date,understanding_date,scope_date,coe_date, delivery_date, real_delivery_date, estimated_hours, estimated_term_months, work_plan_link, has_ia_proposal, has_prototype, has_rfp, has_anteproyecto, k_red_index,is_archived,motive_id,opportunity_type_id,id) VALUES ('POC - Generación de Reportes  para Juegos Online',18,14,41,8,37,30,NULL,'NONE',NULL,NULL,'2025-07-29',NULL,'2025-08-04','2025-08-04',120,1,NULL,NULL,NULL,FALSE,NULL,2,TRUE,7,1,161);
INSERT INTO opportunities (name, account_id, status_id, manager_id, responsible_dc_id, responsible_business_id, responsible_tech_id, percentage, color_code, start_date,understanding_date,scope_date,coe_date, delivery_date, real_delivery_date, estimated_hours, estimated_term_months, work_plan_link, has_ia_proposal, has_prototype, has_rfp, has_anteproyecto, k_red_index,is_archived,motive_id,opportunity_type_id,id) VALUES ('LICITACION - Desarrollo plataforma de Venta Financiada para emprendimientos residenciales',67,5,41,8,32,30,NULL,'NONE',NULL,NULL,'2025-08-26',NULL,'2025-08-28','2025-08-28',5147,NULL,NULL,NULL,NULL,TRUE,NULL,2,TRUE,11,1,160);
INSERT INTO opportunities (name, account_id, status_id, manager_id, responsible_dc_id, responsible_business_id, responsible_tech_id, percentage, color_code, start_date,understanding_date,scope_date,coe_date, delivery_date, real_delivery_date, estimated_hours, estimated_term_months, work_plan_link, has_ia_proposal, has_prototype, has_rfp, has_anteproyecto, k_red_index,is_archived,motive_id,opportunity_type_id,id) VALUES ('Desarrollo plataforma Web para comercialización de licencias productos medicinales',103,5,38,8,20,30,NULL,'NONE',NULL,NULL,'2025-07-17',NULL,'2025-08-01','2025-08-01',1883,3,NULL,NULL,NULL,FALSE,NULL,2,TRUE,11,1,159);
INSERT INTO opportunities (name, account_id, status_id, manager_id, responsible_dc_id, responsible_business_id, responsible_tech_id, percentage, color_code, start_date,understanding_date,scope_date,coe_date, delivery_date, real_delivery_date, estimated_hours, estimated_term_months, work_plan_link, has_ia_proposal, has_prototype, has_rfp, has_anteproyecto, k_red_index,is_archived,motive_id,opportunity_type_id,id) VALUES ('Modificación al Sistema de gestión de energía',64,6,38,26,26,26,NULL,'NONE',NULL,NULL,NULL,NULL,'2025-07-14','2025-07-14',NULL,NULL,NULL,NULL,NULL,FALSE,NULL,2,TRUE,6,1,158);
INSERT INTO opportunities (name, account_id, status_id, manager_id, responsible_dc_id, responsible_business_id, responsible_tech_id, percentage, color_code, start_date,understanding_date,scope_date,coe_date, delivery_date, real_delivery_date, estimated_hours, estimated_term_months, work_plan_link, has_ia_proposal, has_prototype, has_rfp, has_anteproyecto, k_red_index,is_archived,motive_id,opportunity_type_id,id) VALUES ('RPA - Automatización del proceso de Descarga de Factura portales de proveedores y Carga en ERP',19,5,41,12,32,30,NULL,'NONE',NULL,NULL,'2025-07-10',NULL,'2025-07-25','2025-07-25',633,NULL,NULL,NULL,NULL,FALSE,NULL,2,TRUE,4,15,157);
INSERT INTO opportunities (name, account_id, status_id, manager_id, responsible_dc_id, responsible_business_id, responsible_tech_id, percentage, color_code, start_date,understanding_date,scope_date,coe_date, delivery_date, real_delivery_date, estimated_hours, estimated_term_months, work_plan_link, has_ia_proposal, has_prototype, has_rfp, has_anteproyecto, k_red_index,is_archived,motive_id,opportunity_type_id,id) VALUES ('Desarrollo - Industria alimentación e instalaciones',8,5,4,8,20,30,NULL,'NONE',NULL,NULL,'2025-07-16',NULL,'2025-07-18','2025-07-18',2402,3,NULL,NULL,NULL,FALSE,NULL,2,TRUE,11,1,156);
INSERT INTO opportunities (name, account_id, status_id, manager_id, responsible_dc_id, responsible_business_id, responsible_tech_id, percentage, color_code, start_date,understanding_date,scope_date,coe_date, delivery_date, real_delivery_date, estimated_hours, estimated_term_months, work_plan_link, has_ia_proposal, has_prototype, has_rfp, has_anteproyecto, k_red_index,is_archived,motive_id,opportunity_type_id,id) VALUES ('Sistema de Registros de eventos ruta del Elqui',102,12,38,8,20,30,NULL,'NONE',NULL,NULL,'2025-06-24',NULL,'2025-07-08','2025-07-08',1035,2,NULL,NULL,NULL,FALSE,NULL,2,TRUE,NULL,1,155);
INSERT INTO opportunities (name, account_id, status_id, manager_id, responsible_dc_id, responsible_business_id, responsible_tech_id, percentage, color_code, start_date,understanding_date,scope_date,coe_date, delivery_date, real_delivery_date, estimated_hours, estimated_term_months, work_plan_link, has_ia_proposal, has_prototype, has_rfp, has_anteproyecto, k_red_index,is_archived,motive_id,opportunity_type_id,id) VALUES ('Desarrollo Plataforma para Alyc- Proyecto GMC Alyc C/Api',70,5,41,8,37,30,NULL,'NONE',NULL,NULL,'2025-06-11',NULL,'2025-06-13','2025-06-13',2490,4,NULL,NULL,NULL,FALSE,NULL,2,TRUE,4,1,153);
INSERT INTO opportunities (name, account_id, status_id, manager_id, responsible_dc_id, responsible_business_id, responsible_tech_id, percentage, color_code, start_date,understanding_date,scope_date,coe_date, delivery_date, real_delivery_date, estimated_hours, estimated_term_months, work_plan_link, has_ia_proposal, has_prototype, has_rfp, has_anteproyecto, k_red_index,is_archived,motive_id,opportunity_type_id,id) VALUES ('Desarrollo Plataforma Web UKON - Plataforma Digital de Presupuestos para la Construcción ',6,5,38,8,37,30,NULL,'NONE',NULL,NULL,'2025-06-19',NULL,'2025-06-27','2025-06-27',4199,5,NULL,NULL,NULL,FALSE,NULL,2,TRUE,11,1,152);
INSERT INTO opportunities (name, account_id, status_id, manager_id, responsible_dc_id, responsible_business_id, responsible_tech_id, percentage, color_code, start_date,understanding_date,scope_date,coe_date, delivery_date, real_delivery_date, estimated_hours, estimated_term_months, work_plan_link, has_ia_proposal, has_prototype, has_rfp, has_anteproyecto, k_red_index,is_archived,motive_id,opportunity_type_id,id) VALUES ('Desarrollo TMS- Módulo Ultima Milla ',93,14,41,8,32,30,NULL,'NONE',NULL,NULL,'2025-07-18',NULL,'2025-07-22','2025-07-22',6986,6,NULL,NULL,NULL,FALSE,NULL,2,TRUE,7,1,151);
INSERT INTO opportunities (name, account_id, status_id, manager_id, responsible_dc_id, responsible_business_id, responsible_tech_id, percentage, color_code, start_date,understanding_date,scope_date,coe_date, delivery_date, real_delivery_date, estimated_hours, estimated_term_months, work_plan_link, has_ia_proposal, has_prototype, has_rfp, has_anteproyecto, k_red_index,is_archived,motive_id,opportunity_type_id,id) VALUES ('Nuevos desarrollos 2025',84,1,39,8,3,30,NULL,'NONE',NULL,NULL,'2025-07-07',NULL,'2025-07-07','2025-07-08',1920,12,NULL,NULL,NULL,FALSE,NULL,2,TRUE,4,1,150);
INSERT INTO opportunities (name, account_id, status_id, manager_id, responsible_dc_id, responsible_business_id, responsible_tech_id, percentage, color_code, start_date,understanding_date,scope_date,coe_date, delivery_date, real_delivery_date, estimated_hours, estimated_term_months, work_plan_link, has_ia_proposal, has_prototype, has_rfp, has_anteproyecto, k_red_index,is_archived,motive_id,opportunity_type_id,id) VALUES ('Servicio de Soporte infraestructura Cloud y Onpremise',15,1,4,8,3,30,NULL,'NONE',NULL,NULL,NULL,NULL,'2025-05-29','2025-05-29',NULL,NULL,NULL,NULL,NULL,FALSE,NULL,2,TRUE,4,1,149);
INSERT INTO opportunities (name, account_id, status_id, manager_id, responsible_dc_id, responsible_business_id, responsible_tech_id, percentage, color_code, start_date,understanding_date,scope_date,coe_date, delivery_date, real_delivery_date, estimated_hours, estimated_term_months, work_plan_link, has_ia_proposal, has_prototype, has_rfp, has_anteproyecto, k_red_index,is_archived,motive_id,opportunity_type_id,id) VALUES ('Desarrollo plataforma  para Tiendas',52,5,38,8,37,30,NULL,'NONE',NULL,NULL,'2025-07-21',NULL,'2025-07-31','2025-07-31',4396,6,NULL,NULL,NULL,FALSE,NULL,2,TRUE,11,1,148);
INSERT INTO opportunities (name, account_id, status_id, manager_id, responsible_dc_id, responsible_business_id, responsible_tech_id, percentage, color_code, start_date,understanding_date,scope_date,coe_date, delivery_date, real_delivery_date, estimated_hours, estimated_term_months, work_plan_link, has_ia_proposal, has_prototype, has_rfp, has_anteproyecto, k_red_index,is_archived,motive_id,opportunity_type_id,id) VALUES ('Modelo Recaudación Muticonexión (Conciliacion Bancaria)',102,14,38,9,37,30,NULL,'NONE',NULL,NULL,'2025-05-28',NULL,'2025-06-06','2025-06-06',2615,4,NULL,NULL,NULL,FALSE,NULL,2,TRUE,7,1,147);
INSERT INTO opportunities (name, account_id, status_id, manager_id, responsible_dc_id, responsible_business_id, responsible_tech_id, percentage, color_code, start_date,understanding_date,scope_date,coe_date, delivery_date, real_delivery_date, estimated_hours, estimated_term_months, work_plan_link, has_ia_proposal, has_prototype, has_rfp, has_anteproyecto, k_red_index,is_archived,motive_id,opportunity_type_id,id) VALUES ('Desarrollo App Mobile - Web para Administración de turnos en Bowling',106,5,41,9,32,30,NULL,'NONE',NULL,NULL,'2025-06-09',NULL,'2025-06-13','2025-06-13',405,2,NULL,NULL,NULL,FALSE,NULL,2,TRUE,11,1,146);
INSERT INTO opportunities (name, account_id, status_id, manager_id, responsible_dc_id, responsible_business_id, responsible_tech_id, percentage, color_code, start_date,understanding_date,scope_date,coe_date, delivery_date, real_delivery_date, estimated_hours, estimated_term_months, work_plan_link, has_ia_proposal, has_prototype, has_rfp, has_anteproyecto, k_red_index,is_archived,motive_id,opportunity_type_id,id) VALUES ('RPA - Automatización proceso de Liquidación de Iva',54,5,38,9,32,30,NULL,'NONE',NULL,NULL,'2025-05-27',NULL,'2025-06-06','2025-06-06',176,NULL,NULL,NULL,NULL,FALSE,NULL,2,TRUE,11,9,145);
INSERT INTO opportunities (name, account_id, status_id, manager_id, responsible_dc_id, responsible_business_id, responsible_tech_id, percentage, color_code, start_date,understanding_date,scope_date,coe_date, delivery_date, real_delivery_date, estimated_hours, estimated_term_months, work_plan_link, has_ia_proposal, has_prototype, has_rfp, has_anteproyecto, k_red_index,is_archived,motive_id,opportunity_type_id,id) VALUES ('Licitación Web - Página Marcos Tower',40,14,4,9,37,30,NULL,'NONE',NULL,NULL,'2025-05-22',NULL,'2025-05-27','2025-05-27',480,NULL,NULL,NULL,NULL,TRUE,NULL,2,TRUE,7,1,144);
INSERT INTO opportunities (name, account_id, status_id, manager_id, responsible_dc_id, responsible_business_id, responsible_tech_id, percentage, color_code, start_date,understanding_date,scope_date,coe_date, delivery_date, real_delivery_date, estimated_hours, estimated_term_months, work_plan_link, has_ia_proposal, has_prototype, has_rfp, has_anteproyecto, k_red_index,is_archived,motive_id,opportunity_type_id,id) VALUES ('RPA - Automatización de procesos Cobranzas ',35,12,38,12,32,30,NULL,'NONE',NULL,NULL,'2025-05-19',NULL,'2025-05-29','2025-05-29',168,1,NULL,NULL,NULL,FALSE,NULL,2,TRUE,NULL,9,143);
INSERT INTO opportunities (name, account_id, status_id, manager_id, responsible_dc_id, responsible_business_id, responsible_tech_id, percentage, color_code, start_date,understanding_date,scope_date,coe_date, delivery_date, real_delivery_date, estimated_hours, estimated_term_months, work_plan_link, has_ia_proposal, has_prototype, has_rfp, has_anteproyecto, k_red_index,is_archived,motive_id,opportunity_type_id,id) VALUES ('Zendesk 3.0 PZ30-3 Control de Documentos',34,14,38,9,32,30,NULL,'NONE',NULL,NULL,'2025-05-16',NULL,'2025-05-27','2025-05-27',1043,NULL,NULL,NULL,NULL,FALSE,NULL,2,TRUE,7,1,142);
INSERT INTO opportunities (name, account_id, status_id, manager_id, responsible_dc_id, responsible_business_id, responsible_tech_id, percentage, color_code, start_date,understanding_date,scope_date,coe_date, delivery_date, real_delivery_date, estimated_hours, estimated_term_months, work_plan_link, has_ia_proposal, has_prototype, has_rfp, has_anteproyecto, k_red_index,is_archived,motive_id,opportunity_type_id,id) VALUES ('Desarrollo App Mobile IOS',118,14,38,9,37,30,NULL,'NONE',NULL,NULL,'2025-05-05',NULL,'2025-05-15','2025-05-15',198,1,NULL,NULL,NULL,FALSE,NULL,2,TRUE,7,7,141);
INSERT INTO opportunities (name, account_id, status_id, manager_id, responsible_dc_id, responsible_business_id, responsible_tech_id, percentage, color_code, start_date,understanding_date,scope_date,coe_date, delivery_date, real_delivery_date, estimated_hours, estimated_term_months, work_plan_link, has_ia_proposal, has_prototype, has_rfp, has_anteproyecto, k_red_index,is_archived,motive_id,opportunity_type_id,id) VALUES ('RPA - Assessment y automatización de procesos',75,5,38,12,37,30,NULL,'NONE',NULL,NULL,'2025-05-20',NULL,'2025-05-23','2025-05-23',312,NULL,NULL,NULL,NULL,FALSE,NULL,2,TRUE,11,9,140);
INSERT INTO opportunities (name, account_id, status_id, manager_id, responsible_dc_id, responsible_business_id, responsible_tech_id, percentage, color_code, start_date,understanding_date,scope_date,coe_date, delivery_date, real_delivery_date, estimated_hours, estimated_term_months, work_plan_link, has_ia_proposal, has_prototype, has_rfp, has_anteproyecto, k_red_index,is_archived,motive_id,opportunity_type_id,id) VALUES ('Licitación Web para Casa Ve Israel ',40,12,4,9,37,30,NULL,'NONE',NULL,NULL,'2025-04-29',NULL,'2025-05-06','2025-05-06',436,NULL,NULL,NULL,NULL,TRUE,NULL,2,TRUE,NULL,1,139);
INSERT INTO opportunities (name, account_id, status_id, manager_id, responsible_dc_id, responsible_business_id, responsible_tech_id, percentage, color_code, start_date,understanding_date,scope_date,coe_date, delivery_date, real_delivery_date, estimated_hours, estimated_term_months, work_plan_link, has_ia_proposal, has_prototype, has_rfp, has_anteproyecto, k_red_index,is_archived,motive_id,opportunity_type_id,id) VALUES ('RPA - Servicio  de automatización de procesos  (Solicitud del Servicio de Custodia)',9,14,41,9,37,30,NULL,'NONE',NULL,NULL,'2025-04-21',NULL,'2025-04-30','2025-04-30',680,2,NULL,NULL,NULL,TRUE,NULL,2,TRUE,7,1,138);
INSERT INTO opportunities (name, account_id, status_id, manager_id, responsible_dc_id, responsible_business_id, responsible_tech_id, percentage, color_code, start_date,understanding_date,scope_date,coe_date, delivery_date, real_delivery_date, estimated_hours, estimated_term_months, work_plan_link, has_ia_proposal, has_prototype, has_rfp, has_anteproyecto, k_red_index,is_archived,motive_id,opportunity_type_id,id) VALUES ('Prueba de Stress para Aplicación Mobile ( Aplicación Banca Digital) Alcance 3',17,5,41,12,3,30,NULL,'NONE',NULL,NULL,'2025-02-19',NULL,'2025-02-25','2025-02-25',1136,2,NULL,NULL,NULL,FALSE,NULL,2,TRUE,6,11,137);
INSERT INTO opportunities (name, account_id, status_id, manager_id, responsible_dc_id, responsible_business_id, responsible_tech_id, percentage, color_code, start_date,understanding_date,scope_date,coe_date, delivery_date, real_delivery_date, estimated_hours, estimated_term_months, work_plan_link, has_ia_proposal, has_prototype, has_rfp, has_anteproyecto, k_red_index,is_archived,motive_id,opportunity_type_id,id) VALUES ('Desarrollo Migración servidor / Integraciones Firma de Facturación Electrónica',102,12,38,9,32,30,NULL,'NONE',NULL,NULL,'2025-04-25',NULL,'2025-05-06','2025-05-06',356,1,NULL,NULL,NULL,FALSE,NULL,2,TRUE,NULL,1,136);
INSERT INTO opportunities (name, account_id, status_id, manager_id, responsible_dc_id, responsible_business_id, responsible_tech_id, percentage, color_code, start_date,understanding_date,scope_date,coe_date, delivery_date, real_delivery_date, estimated_hours, estimated_term_months, work_plan_link, has_ia_proposal, has_prototype, has_rfp, has_anteproyecto, k_red_index,is_archived,motive_id,opportunity_type_id,id) VALUES ('Desarrollo Sistema Aprobación  Hojas de Ruta de Pagos ',102,14,38,9,37,30,NULL,'NONE',NULL,NULL,'2025-04-24',NULL,'2025-04-30','2025-04-30',1052,NULL,NULL,NULL,NULL,FALSE,NULL,2,TRUE,7,1,135);
INSERT INTO opportunities (name, account_id, status_id, manager_id, responsible_dc_id, responsible_business_id, responsible_tech_id, percentage, color_code, start_date,understanding_date,scope_date,coe_date, delivery_date, real_delivery_date, estimated_hours, estimated_term_months, work_plan_link, has_ia_proposal, has_prototype, has_rfp, has_anteproyecto, k_red_index,is_archived,motive_id,opportunity_type_id,id) VALUES ('Desarrollo Plataforma para Alyc- Proyecto GMC Alyc',70,5,41,9,37,30,NULL,'NONE',NULL,NULL,'2025-04-15',NULL,'2025-04-24','2025-04-24',2400,3,NULL,NULL,NULL,FALSE,NULL,2,TRUE,11,1,134);
INSERT INTO opportunities (name, account_id, status_id, manager_id, responsible_dc_id, responsible_business_id, responsible_tech_id, percentage, color_code, start_date,understanding_date,scope_date,coe_date, delivery_date, real_delivery_date, estimated_hours, estimated_term_months, work_plan_link, has_ia_proposal, has_prototype, has_rfp, has_anteproyecto, k_red_index,is_archived,motive_id,opportunity_type_id,id) VALUES ('Desarrollo Modulo de Comisiones Oficiales y Over',96,12,4,9,20,30,NULL,'NONE',NULL,NULL,'2025-06-12',NULL,'2025-06-24','2025-06-24',502,2,NULL,NULL,NULL,FALSE,NULL,2,TRUE,NULL,1,133);
INSERT INTO opportunities (name, account_id, status_id, manager_id, responsible_dc_id, responsible_business_id, responsible_tech_id, percentage, color_code, start_date,understanding_date,scope_date,coe_date, delivery_date, real_delivery_date, estimated_hours, estimated_term_months, work_plan_link, has_ia_proposal, has_prototype, has_rfp, has_anteproyecto, k_red_index,is_archived,motive_id,opportunity_type_id,id) VALUES ('RPA - UiPath - Registración contable de factura (ARCA) en el Erp ADMIN',36,14,41,12,2,12,NULL,'NONE',NULL,NULL,'2025-03-18',NULL,'2025-03-25','2025-03-25',260,NULL,NULL,NULL,NULL,FALSE,NULL,2,TRUE,7,1,132);
INSERT INTO opportunities (name, account_id, status_id, manager_id, responsible_dc_id, responsible_business_id, responsible_tech_id, percentage, color_code, start_date,understanding_date,scope_date,coe_date, delivery_date, real_delivery_date, estimated_hours, estimated_term_months, work_plan_link, has_ia_proposal, has_prototype, has_rfp, has_anteproyecto, k_red_index,is_archived,motive_id,opportunity_type_id,id) VALUES ('RPA - Squad para Evaluación de herramientas y procesos potenciales',98,5,41,12,3,12,NULL,'NONE',NULL,NULL,'2025-03-12',NULL,'2025-03-19','2025-03-19',720,3,NULL,NULL,NULL,FALSE,NULL,2,TRUE,6,9,131);
INSERT INTO opportunities (name, account_id, status_id, manager_id, responsible_dc_id, responsible_business_id, responsible_tech_id, percentage, color_code, start_date,understanding_date,scope_date,coe_date, delivery_date, real_delivery_date, estimated_hours, estimated_term_months, work_plan_link, has_ia_proposal, has_prototype, has_rfp, has_anteproyecto, k_red_index,is_archived,motive_id,opportunity_type_id,id) VALUES ('Desarrollo Módulo de Intereses',36,14,41,9,32,30,NULL,'NONE',NULL,NULL,'2025-03-12',NULL,'2025-03-18','2025-03-18',3252,NULL,NULL,NULL,NULL,FALSE,NULL,2,TRUE,7,1,130);
INSERT INTO opportunities (name, account_id, status_id, manager_id, responsible_dc_id, responsible_business_id, responsible_tech_id, percentage, color_code, start_date,understanding_date,scope_date,coe_date, delivery_date, real_delivery_date, estimated_hours, estimated_term_months, work_plan_link, has_ia_proposal, has_prototype, has_rfp, has_anteproyecto, k_red_index,is_archived,motive_id,opportunity_type_id,id) VALUES ('Acompañamiento para Automatización c/Katalon',82,1,4,12,3,30,NULL,'NONE',NULL,NULL,'2025-03-07',NULL,'2025-03-13','2025-03-13',360,3,NULL,NULL,NULL,FALSE,NULL,2,TRUE,11,11,129);
INSERT INTO opportunities (name, account_id, status_id, manager_id, responsible_dc_id, responsible_business_id, responsible_tech_id, percentage, color_code, start_date,understanding_date,scope_date,coe_date, delivery_date, real_delivery_date, estimated_hours, estimated_term_months, work_plan_link, has_ia_proposal, has_prototype, has_rfp, has_anteproyecto, k_red_index,is_archived,motive_id,opportunity_type_id,id) VALUES ('Desarrollo Intranet Paraná ART',96,5,4,9,32,30,NULL,'NONE',NULL,NULL,'2025-03-03',NULL,'2025-03-10','2025-03-10',1619,NULL,NULL,NULL,NULL,FALSE,NULL,2,TRUE,11,1,128);
INSERT INTO opportunities (name, account_id, status_id, manager_id, responsible_dc_id, responsible_business_id, responsible_tech_id, percentage, color_code, start_date,understanding_date,scope_date,coe_date, delivery_date, real_delivery_date, estimated_hours, estimated_term_months, work_plan_link, has_ia_proposal, has_prototype, has_rfp, has_anteproyecto, k_red_index,is_archived,motive_id,opportunity_type_id,id) VALUES ('Desarrollo Plataforma Digital - Comercialización de Granos',91,5,41,9,32,30,NULL,'NONE',NULL,NULL,'2025-02-27',NULL,'2025-03-07','2025-03-07',7713,8,NULL,NULL,NULL,FALSE,NULL,2,TRUE,11,1,127);
INSERT INTO opportunities (name, account_id, status_id, manager_id, responsible_dc_id, responsible_business_id, responsible_tech_id, percentage, color_code, start_date,understanding_date,scope_date,coe_date, delivery_date, real_delivery_date, estimated_hours, estimated_term_months, work_plan_link, has_ia_proposal, has_prototype, has_rfp, has_anteproyecto, k_red_index,is_archived,motive_id,opportunity_type_id,id) VALUES ('Desarrollo de sitio web para productores de ART MVP II - Etapa 2y3',96,12,4,9,32,30,NULL,'NONE',NULL,NULL,'2025-01-03',NULL,'2025-01-07','2025-01-07',1364,NULL,NULL,NULL,NULL,FALSE,NULL,2,TRUE,NULL,1,126);
INSERT INTO opportunities (name, account_id, status_id, manager_id, responsible_dc_id, responsible_business_id, responsible_tech_id, percentage, color_code, start_date,understanding_date,scope_date,coe_date, delivery_date, real_delivery_date, estimated_hours, estimated_term_months, work_plan_link, has_ia_proposal, has_prototype, has_rfp, has_anteproyecto, k_red_index,is_archived,motive_id,opportunity_type_id,id) VALUES ('Requerimientos RASH MVP V2',93,14,41,9,32,30,NULL,'NONE',NULL,NULL,'2024-11-11',NULL,'2024-11-15','2024-11-15',3861,4,NULL,NULL,NULL,FALSE,NULL,3,TRUE,7,1,125);
INSERT INTO opportunities (name, account_id, status_id, manager_id, responsible_dc_id, responsible_business_id, responsible_tech_id, percentage, color_code, start_date,understanding_date,scope_date,coe_date, delivery_date, real_delivery_date, estimated_hours, estimated_term_months, work_plan_link, has_ia_proposal, has_prototype, has_rfp, has_anteproyecto, k_red_index,is_archived,motive_id,opportunity_type_id,id) VALUES ('Capacity Services, para acompañar en la migración de los módulos core de Pólizas de ahorro (RVP) y Retiro(RVT) ',95,5,4,9,3,30,NULL,'NONE',NULL,NULL,NULL,NULL,'2024-10-29','2024-10-29',10553,12,NULL,NULL,NULL,FALSE,NULL,3,TRUE,6,1,124);
INSERT INTO opportunities (name, account_id, status_id, manager_id, responsible_dc_id, responsible_business_id, responsible_tech_id, percentage, color_code, start_date,understanding_date,scope_date,coe_date, delivery_date, real_delivery_date, estimated_hours, estimated_term_months, work_plan_link, has_ia_proposal, has_prototype, has_rfp, has_anteproyecto, k_red_index,is_archived,motive_id,opportunity_type_id,id) VALUES ('Plataforma Integral de Capital Humano',30,5,5,9,32,30,NULL,'NONE',NULL,NULL,'2024-10-04',NULL,'2024-10-10','2024-10-10',6605,7,NULL,NULL,NULL,FALSE,NULL,3,TRUE,4,1,123);
INSERT INTO opportunities (name, account_id, status_id, manager_id, responsible_dc_id, responsible_business_id, responsible_tech_id, percentage, color_code, start_date,understanding_date,scope_date,coe_date, delivery_date, real_delivery_date, estimated_hours, estimated_term_months, work_plan_link, has_ia_proposal, has_prototype, has_rfp, has_anteproyecto, k_red_index,is_archived,motive_id,opportunity_type_id,id) VALUES ('Plan 2025 - Gestión Digital de Transportista',5,5,41,9,32,30,NULL,'NONE',NULL,NULL,'2024-09-25',NULL,'2024-10-03','2024-10-03',3322,6,NULL,NULL,NULL,FALSE,NULL,3,TRUE,11,1,122);
INSERT INTO opportunities (name, account_id, status_id, manager_id, responsible_dc_id, responsible_business_id, responsible_tech_id, percentage, color_code, start_date,understanding_date,scope_date,coe_date, delivery_date, real_delivery_date, estimated_hours, estimated_term_months, work_plan_link, has_ia_proposal, has_prototype, has_rfp, has_anteproyecto, k_red_index,is_archived,motive_id,opportunity_type_id,id) VALUES ('RFP - Vuce Area - Plataforma Digital Integrada',80,5,4,29,11,17,NULL,'NONE',NULL,NULL,'2024-09-19',NULL,'2024-10-02','2024-10-02',10560,12,NULL,NULL,NULL,TRUE,NULL,3,TRUE,6,1,121);
INSERT INTO opportunities (name, account_id, status_id, manager_id, responsible_dc_id, responsible_business_id, responsible_tech_id, percentage, color_code, start_date,understanding_date,scope_date,coe_date, delivery_date, real_delivery_date, estimated_hours, estimated_term_months, work_plan_link, has_ia_proposal, has_prototype, has_rfp, has_anteproyecto, k_red_index,is_archived,motive_id,opportunity_type_id,id) VALUES ('LICITACION - Reportes de Cuentas Corriente',67,6,41,26,26,26,NULL,'NONE',NULL,NULL,NULL,NULL,'2025-04-07','2025-04-07',NULL,NULL,NULL,NULL,NULL,TRUE,NULL,3,TRUE,12,16,120);
INSERT INTO opportunities (name, account_id, status_id, manager_id, responsible_dc_id, responsible_business_id, responsible_tech_id, percentage, color_code, start_date,understanding_date,scope_date,coe_date, delivery_date, real_delivery_date, estimated_hours, estimated_term_months, work_plan_link, has_ia_proposal, has_prototype, has_rfp, has_anteproyecto, k_red_index,is_archived,motive_id,opportunity_type_id,id) VALUES ('Squad de Desarrollo - Evolutivo para un sistema basado en WordPress)',18,3,41,26,26,26,NULL,'NONE',NULL,NULL,NULL,NULL,'2025-04-03','2025-04-03',NULL,NULL,NULL,NULL,NULL,FALSE,NULL,3,TRUE,NULL,1,119);
INSERT INTO opportunities (name, account_id, status_id, manager_id, responsible_dc_id, responsible_business_id, responsible_tech_id, percentage, color_code, start_date,understanding_date,scope_date,coe_date, delivery_date, real_delivery_date, estimated_hours, estimated_term_months, work_plan_link, has_ia_proposal, has_prototype, has_rfp, has_anteproyecto, k_red_index,is_archived,motive_id,opportunity_type_id,id) VALUES ('Squad de RPA - Para la automatización de procesos (Time and Material)',40,2,4,26,26,26,NULL,'NONE',NULL,NULL,NULL,NULL,'2025-03-25','2025-03-25',NULL,NULL,NULL,NULL,NULL,FALSE,NULL,3,TRUE,12,1,118);
INSERT INTO opportunities (name, account_id, status_id, manager_id, responsible_dc_id, responsible_business_id, responsible_tech_id, percentage, color_code, start_date,understanding_date,scope_date,coe_date, delivery_date, real_delivery_date, estimated_hours, estimated_term_months, work_plan_link, has_ia_proposal, has_prototype, has_rfp, has_anteproyecto, k_red_index,is_archived,motive_id,opportunity_type_id,id) VALUES ('Prueba de Stress para Aplicación Mobile ( Aplicación Banca Digital) Alcance 2',17,5,41,12,3,30,NULL,'NONE',NULL,NULL,'2025-09-09',NULL,'2025-09-13','2025-09-13',805,3,NULL,NULL,NULL,FALSE,NULL,3,TRUE,4,11,117);
INSERT INTO opportunities (name, account_id, status_id, manager_id, responsible_dc_id, responsible_business_id, responsible_tech_id, percentage, color_code, start_date,understanding_date,scope_date,coe_date, delivery_date, real_delivery_date, estimated_hours, estimated_term_months, work_plan_link, has_ia_proposal, has_prototype, has_rfp, has_anteproyecto, k_red_index,is_archived,motive_id,opportunity_type_id,id) VALUES ('RFP -  Plataforma Digital (DDJJ Aduanera -  Sistema Malvina)',80,13,4,26,26,26,NULL,'NONE',NULL,NULL,NULL,NULL,'2025-02-11','2025-02-11',NULL,NULL,NULL,NULL,NULL,TRUE,NULL,3,TRUE,12,1,116);
INSERT INTO opportunities (name, account_id, status_id, manager_id, responsible_dc_id, responsible_business_id, responsible_tech_id, percentage, color_code, start_date,understanding_date,scope_date,coe_date, delivery_date, real_delivery_date, estimated_hours, estimated_term_months, work_plan_link, has_ia_proposal, has_prototype, has_rfp, has_anteproyecto, k_red_index,is_archived,motive_id,opportunity_type_id,id) VALUES ('RFP - Proyecto Siga 2.0',9,5,41,9,11,30,NULL,'NONE',NULL,NULL,'2025-01-16',NULL,'2025-02-07','2025-02-07',46142,24,NULL,NULL,NULL,TRUE,NULL,3,TRUE,11,1,115);
INSERT INTO opportunities (name, account_id, status_id, manager_id, responsible_dc_id, responsible_business_id, responsible_tech_id, percentage, color_code, start_date,understanding_date,scope_date,coe_date, delivery_date, real_delivery_date, estimated_hours, estimated_term_months, work_plan_link, has_ia_proposal, has_prototype, has_rfp, has_anteproyecto, k_red_index,is_archived,motive_id,opportunity_type_id,id) VALUES ('Desarrollo de sitio web para productores de ART MVP I - Adicionales',96,12,4,9,32,30,NULL,'NONE',NULL,NULL,'2025-01-03',NULL,'2025-01-07','2025-01-07',693,2,NULL,NULL,NULL,FALSE,NULL,3,TRUE,NULL,1,114);
INSERT INTO opportunities (name, account_id, status_id, manager_id, responsible_dc_id, responsible_business_id, responsible_tech_id, percentage, color_code, start_date,understanding_date,scope_date,coe_date, delivery_date, real_delivery_date, estimated_hours, estimated_term_months, work_plan_link, has_ia_proposal, has_prototype, has_rfp, has_anteproyecto, k_red_index,is_archived,motive_id,opportunity_type_id,id) VALUES ('Desarrollo de sitio web para productores de ART MVP II - Etapa 1',96,12,4,9,32,30,NULL,'NONE',NULL,NULL,'2025-01-03',NULL,'2025-01-07','2025-01-07',1038,2,NULL,NULL,NULL,FALSE,NULL,3,TRUE,NULL,1,113);
INSERT INTO opportunities (name, account_id, status_id, manager_id, responsible_dc_id, responsible_business_id, responsible_tech_id, percentage, color_code, start_date,understanding_date,scope_date,coe_date, delivery_date, real_delivery_date, estimated_hours, estimated_term_months, work_plan_link, has_ia_proposal, has_prototype, has_rfp, has_anteproyecto, k_red_index,is_archived,motive_id,opportunity_type_id,id) VALUES ('Desarrollo de sitio web para productores de ART MVP II',96,5,4,9,32,30,NULL,'NONE',NULL,NULL,'2024-12-11',NULL,'2024-12-16','2024-12-16',1958,NULL,NULL,NULL,NULL,FALSE,NULL,3,TRUE,4,1,112);
INSERT INTO opportunities (name, account_id, status_id, manager_id, responsible_dc_id, responsible_business_id, responsible_tech_id, percentage, color_code, start_date,understanding_date,scope_date,coe_date, delivery_date, real_delivery_date, estimated_hours, estimated_term_months, work_plan_link, has_ia_proposal, has_prototype, has_rfp, has_anteproyecto, k_red_index,is_archived,motive_id,opportunity_type_id,id) VALUES ('Licitación Zendesk 2.2  Desarrollo de trámite Web',34,5,38,9,11,30,NULL,'NONE',NULL,NULL,'2024-12-01',NULL,'2024-12-04','2024-12-04',2398,3,NULL,NULL,NULL,TRUE,NULL,3,TRUE,4,1,111);
INSERT INTO opportunities (name, account_id, status_id, manager_id, responsible_dc_id, responsible_business_id, responsible_tech_id, percentage, color_code, start_date,understanding_date,scope_date,coe_date, delivery_date, real_delivery_date, estimated_hours, estimated_term_months, work_plan_link, has_ia_proposal, has_prototype, has_rfp, has_anteproyecto, k_red_index,is_archived,motive_id,opportunity_type_id,id) VALUES ('Plataforma Cooperativa-Digital ',36,12,41,9,32,30,NULL,'NONE',NULL,NULL,'2024-11-20',NULL,'2024-11-26','2024-12-04',3898,4,NULL,NULL,NULL,FALSE,NULL,3,TRUE,NULL,17,110);
INSERT INTO opportunities (name, account_id, status_id, manager_id, responsible_dc_id, responsible_business_id, responsible_tech_id, percentage, color_code, start_date,understanding_date,scope_date,coe_date, delivery_date, real_delivery_date, estimated_hours, estimated_term_months, work_plan_link, has_ia_proposal, has_prototype, has_rfp, has_anteproyecto, k_red_index,is_archived,motive_id,opportunity_type_id,id) VALUES ('Desarrollo de sitio web para productores de ART MVP I',96,12,4,9,32,30,NULL,'NONE',NULL,NULL,'2024-10-17',NULL,'2024-10-24','2024-10-24',493,NULL,NULL,NULL,NULL,FALSE,NULL,3,TRUE,NULL,1,109);
INSERT INTO opportunities (name, account_id, status_id, manager_id, responsible_dc_id, responsible_business_id, responsible_tech_id, percentage, color_code, start_date,understanding_date,scope_date,coe_date, delivery_date, real_delivery_date, estimated_hours, estimated_term_months, work_plan_link, has_ia_proposal, has_prototype, has_rfp, has_anteproyecto, k_red_index,is_archived,motive_id,opportunity_type_id,id) VALUES ('Automatizacion del proceso de comparación de precios Pricing vs BNA',48,6,41,26,26,26,NULL,'NONE',NULL,NULL,NULL,NULL,'2024-09-17','2024-09-17',NULL,NULL,NULL,NULL,NULL,FALSE,NULL,3,TRUE,12,18,108);
INSERT INTO opportunities (name, account_id, status_id, manager_id, responsible_dc_id, responsible_business_id, responsible_tech_id, percentage, color_code, start_date,understanding_date,scope_date,coe_date, delivery_date, real_delivery_date, estimated_hours, estimated_term_months, work_plan_link, has_ia_proposal, has_prototype, has_rfp, has_anteproyecto, k_red_index,is_archived,motive_id,opportunity_type_id,id) VALUES ('App Mobile CHEQ DD  + Stress Test',2,5,4,10,32,30,NULL,'NONE',NULL,NULL,'2024-10-03',NULL,'2024-10-08','2024-10-08',2548,4,NULL,NULL,NULL,FALSE,NULL,3,TRUE,6,7,107);
INSERT INTO opportunities (name, account_id, status_id, manager_id, responsible_dc_id, responsible_business_id, responsible_tech_id, percentage, color_code, start_date,understanding_date,scope_date,coe_date, delivery_date, real_delivery_date, estimated_hours, estimated_term_months, work_plan_link, has_ia_proposal, has_prototype, has_rfp, has_anteproyecto, k_red_index,is_archived,motive_id,opportunity_type_id,id) VALUES ('Assessment del area de Qa ',13,5,38,14,3,12,NULL,'NONE',NULL,NULL,NULL,NULL,'2024-10-03','2024-10-03',800,2,NULL,NULL,NULL,FALSE,NULL,3,TRUE,4,11,106);
INSERT INTO opportunities (name, account_id, status_id, manager_id, responsible_dc_id, responsible_business_id, responsible_tech_id, percentage, color_code, start_date,understanding_date,scope_date,coe_date, delivery_date, real_delivery_date, estimated_hours, estimated_term_months, work_plan_link, has_ia_proposal, has_prototype, has_rfp, has_anteproyecto, k_red_index,is_archived,motive_id,opportunity_type_id,id) VALUES ('RFP - Desarrollo del sitio web institucional & BFF',72,5,4,15,24,24,NULL,'NONE',NULL,NULL,NULL,NULL,'2024-10-02','2024-10-02',3410,3,NULL,NULL,NULL,TRUE,NULL,3,TRUE,4,1,105);
INSERT INTO opportunities (name, account_id, status_id, manager_id, responsible_dc_id, responsible_business_id, responsible_tech_id, percentage, color_code, start_date,understanding_date,scope_date,coe_date, delivery_date, real_delivery_date, estimated_hours, estimated_term_months, work_plan_link, has_ia_proposal, has_prototype, has_rfp, has_anteproyecto, k_red_index,is_archived,motive_id,opportunity_type_id,id) VALUES ('eCommerce - Fenicio - Servicio de Puntos de entrega',57,14,41,9,32,30,NULL,'NONE',NULL,NULL,'2024-09-24',NULL,'2024-10-02','2024-10-02',3388,3,NULL,NULL,NULL,FALSE,NULL,3,TRUE,7,1,104);
INSERT INTO opportunities (name, account_id, status_id, manager_id, responsible_dc_id, responsible_business_id, responsible_tech_id, percentage, color_code, start_date,understanding_date,scope_date,coe_date, delivery_date, real_delivery_date, estimated_hours, estimated_term_months, work_plan_link, has_ia_proposal, has_prototype, has_rfp, has_anteproyecto, k_red_index,is_archived,motive_id,opportunity_type_id,id) VALUES ('Asistente Automatico - ARM Services',9,5,41,9,11,30,NULL,'NONE',NULL,NULL,'2024-09-05',NULL,'2024-09-27','2024-09-27',3599,NULL,NULL,NULL,NULL,FALSE,NULL,3,TRUE,6,1,103);
INSERT INTO opportunities (name, account_id, status_id, manager_id, responsible_dc_id, responsible_business_id, responsible_tech_id, percentage, color_code, start_date,understanding_date,scope_date,coe_date, delivery_date, real_delivery_date, estimated_hours, estimated_term_months, work_plan_link, has_ia_proposal, has_prototype, has_rfp, has_anteproyecto, k_red_index,is_archived,motive_id,opportunity_type_id,id) VALUES ('Desa e Imple de un Bot - Asistente Virtual - COMPLETO',94,5,41,14,3,6,NULL,'NONE',NULL,NULL,NULL,NULL,'2024-09-13','2024-09-13',720,3,NULL,NULL,NULL,FALSE,NULL,3,TRUE,4,9,102);
INSERT INTO opportunities (name, account_id, status_id, manager_id, responsible_dc_id, responsible_business_id, responsible_tech_id, percentage, color_code, start_date,understanding_date,scope_date,coe_date, delivery_date, real_delivery_date, estimated_hours, estimated_term_months, work_plan_link, has_ia_proposal, has_prototype, has_rfp, has_anteproyecto, k_red_index,is_archived,motive_id,opportunity_type_id,id) VALUES ('Prueba de Stress para Aplicación Mobile ( Aplicación Banca Digital) Alcance 1',17,5,41,14,3,30,NULL,'NONE',NULL,NULL,NULL,NULL,'2024-09-13','2024-09-13',805,3,NULL,NULL,NULL,FALSE,NULL,3,TRUE,4,11,101);
INSERT INTO opportunities (name, account_id, status_id, manager_id, responsible_dc_id, responsible_business_id, responsible_tech_id, percentage, color_code, start_date,understanding_date,scope_date,coe_date, delivery_date, real_delivery_date, estimated_hours, estimated_term_months, work_plan_link, has_ia_proposal, has_prototype, has_rfp, has_anteproyecto, k_red_index,is_archived,motive_id,opportunity_type_id,id) VALUES ('Célula para Proyecto Plataforma API de Seguros',21,13,4,26,26,26,NULL,'NONE',NULL,NULL,NULL,NULL,'2024-09-12','2024-09-12',NULL,NULL,NULL,NULL,NULL,FALSE,NULL,3,TRUE,12,1,100);
INSERT INTO opportunities (name, account_id, status_id, manager_id, responsible_dc_id, responsible_business_id, responsible_tech_id, percentage, color_code, start_date,understanding_date,scope_date,coe_date, delivery_date, real_delivery_date, estimated_hours, estimated_term_months, work_plan_link, has_ia_proposal, has_prototype, has_rfp, has_anteproyecto, k_red_index,is_archived,motive_id,opportunity_type_id,id) VALUES ('Manteniemiento de aplicaciones "SAP"',89,7,4,26,26,26,NULL,'NONE',NULL,NULL,NULL,NULL,'2024-09-10','2024-09-10',NULL,NULL,NULL,NULL,NULL,FALSE,NULL,3,TRUE,13,19,99);
INSERT INTO opportunities (name, account_id, status_id, manager_id, responsible_dc_id, responsible_business_id, responsible_tech_id, percentage, color_code, start_date,understanding_date,scope_date,coe_date, delivery_date, real_delivery_date, estimated_hours, estimated_term_months, work_plan_link, has_ia_proposal, has_prototype, has_rfp, has_anteproyecto, k_red_index,is_archived,motive_id,opportunity_type_id,id) VALUES ('Precio recursos de Testing y DevOps',26,5,4,14,11,30,NULL,'NONE',NULL,NULL,'2024-07-29',NULL,'2024-09-03','2024-09-03',13970,12,NULL,NULL,NULL,FALSE,NULL,3,TRUE,6,11,98);
INSERT INTO opportunities (name, account_id, status_id, manager_id, responsible_dc_id, responsible_business_id, responsible_tech_id, percentage, color_code, start_date,understanding_date,scope_date,coe_date, delivery_date, real_delivery_date, estimated_hours, estimated_term_months, work_plan_link, has_ia_proposal, has_prototype, has_rfp, has_anteproyecto, k_red_index,is_archived,motive_id,opportunity_type_id,id) VALUES ('Desa e Imple de un Bot - Asistente Virtual',94,5,41,18,3,6,NULL,'NONE',NULL,NULL,NULL,NULL,'2024-08-30','2024-08-30',180,1,NULL,NULL,NULL,FALSE,NULL,3,TRUE,4,9,97);
INSERT INTO opportunities (name, account_id, status_id, manager_id, responsible_dc_id, responsible_business_id, responsible_tech_id, percentage, color_code, start_date,understanding_date,scope_date,coe_date, delivery_date, real_delivery_date, estimated_hours, estimated_term_months, work_plan_link, has_ia_proposal, has_prototype, has_rfp, has_anteproyecto, k_red_index,is_archived,motive_id,opportunity_type_id,id) VALUES ('Desa e Imple de Herramientas basadas en inteligencia artificial(IA)',27,7,4,26,26,26,NULL,'NONE',NULL,NULL,NULL,NULL,'2024-08-30','2024-08-30',NULL,NULL,NULL,NULL,NULL,FALSE,NULL,3,TRUE,13,2,96);
INSERT INTO opportunities (name, account_id, status_id, manager_id, responsible_dc_id, responsible_business_id, responsible_tech_id, percentage, color_code, start_date,understanding_date,scope_date,coe_date, delivery_date, real_delivery_date, estimated_hours, estimated_term_months, work_plan_link, has_ia_proposal, has_prototype, has_rfp, has_anteproyecto, k_red_index,is_archived,motive_id,opportunity_type_id,id) VALUES ('Servicio de Testing y QA',12,12,4,14,3,12,NULL,'NONE',NULL,NULL,NULL,NULL,'2024-08-28','2024-08-28',800,NULL,NULL,NULL,NULL,FALSE,NULL,3,TRUE,NULL,11,95);
INSERT INTO opportunities (name, account_id, status_id, manager_id, responsible_dc_id, responsible_business_id, responsible_tech_id, percentage, color_code, start_date,understanding_date,scope_date,coe_date, delivery_date, real_delivery_date, estimated_hours, estimated_term_months, work_plan_link, has_ia_proposal, has_prototype, has_rfp, has_anteproyecto, k_red_index,is_archived,motive_id,opportunity_type_id,id) VALUES ('Servicio Saas - Herramienta IA - Extracción datos desestructurados ML',25,7,4,26,26,26,NULL,'NONE',NULL,NULL,NULL,NULL,'2024-08-24','2024-08-24',NULL,NULL,NULL,NULL,NULL,FALSE,NULL,3,TRUE,13,2,94);
INSERT INTO opportunities (name, account_id, status_id, manager_id, responsible_dc_id, responsible_business_id, responsible_tech_id, percentage, color_code, start_date,understanding_date,scope_date,coe_date, delivery_date, real_delivery_date, estimated_hours, estimated_term_months, work_plan_link, has_ia_proposal, has_prototype, has_rfp, has_anteproyecto, k_red_index,is_archived,motive_id,opportunity_type_id,id) VALUES ('Servicio de Testing y QA',33,6,41,26,26,26,NULL,'NONE',NULL,NULL,NULL,NULL,'2024-08-16','2024-08-16',NULL,NULL,NULL,NULL,NULL,FALSE,NULL,3,TRUE,12,11,93);
INSERT INTO opportunities (name, account_id, status_id, manager_id, responsible_dc_id, responsible_business_id, responsible_tech_id, percentage, color_code, start_date,understanding_date,scope_date,coe_date, delivery_date, real_delivery_date, estimated_hours, estimated_term_months, work_plan_link, has_ia_proposal, has_prototype, has_rfp, has_anteproyecto, k_red_index,is_archived,motive_id,opportunity_type_id,id) VALUES ('SAP - solicita perfiles especialistas en SAP ',24,7,4,26,26,26,NULL,'NONE',NULL,NULL,NULL,NULL,'2024-08-22','2024-08-22',NULL,NULL,NULL,NULL,NULL,TRUE,NULL,3,TRUE,13,19,92);
INSERT INTO opportunities (name, account_id, status_id, manager_id, responsible_dc_id, responsible_business_id, responsible_tech_id, percentage, color_code, start_date,understanding_date,scope_date,coe_date, delivery_date, real_delivery_date, estimated_hours, estimated_term_months, work_plan_link, has_ia_proposal, has_prototype, has_rfp, has_anteproyecto, k_red_index,is_archived,motive_id,opportunity_type_id,id) VALUES ('Servicio de Testing y QA',114,14,41,12,3,12,NULL,'NONE',NULL,NULL,NULL,NULL,'2024-08-21','2024-08-21',720,3,NULL,NULL,NULL,FALSE,NULL,3,TRUE,8,11,91);
INSERT INTO opportunities (name, account_id, status_id, manager_id, responsible_dc_id, responsible_business_id, responsible_tech_id, percentage, color_code, start_date,understanding_date,scope_date,coe_date, delivery_date, real_delivery_date, estimated_hours, estimated_term_months, work_plan_link, has_ia_proposal, has_prototype, has_rfp, has_anteproyecto, k_red_index,is_archived,motive_id,opportunity_type_id,id) VALUES ('Migración de Funcionalidades (Pto Venta, Caja, PP)',28,6,4,15,18,16,NULL,'NONE',NULL,NULL,NULL,NULL,'2024-07-30','2024-07-30',NULL,NULL,NULL,NULL,NULL,FALSE,NULL,3,TRUE,6,1,90);
INSERT INTO opportunities (name, account_id, status_id, manager_id, responsible_dc_id, responsible_business_id, responsible_tech_id, percentage, color_code, start_date,understanding_date,scope_date,coe_date, delivery_date, real_delivery_date, estimated_hours, estimated_term_months, work_plan_link, has_ia_proposal, has_prototype, has_rfp, has_anteproyecto, k_red_index,is_archived,motive_id,opportunity_type_id,id) VALUES ('Plataforma e- Commerce',61,5,4,15,3,30,NULL,'NONE',NULL,NULL,NULL,NULL,'2024-08-19','2024-08-19',21800,18,NULL,NULL,NULL,FALSE,NULL,3,TRUE,11,1,89);
INSERT INTO opportunities (name, account_id, status_id, manager_id, responsible_dc_id, responsible_business_id, responsible_tech_id, percentage, color_code, start_date,understanding_date,scope_date,coe_date, delivery_date, real_delivery_date, estimated_hours, estimated_term_months, work_plan_link, has_ia_proposal, has_prototype, has_rfp, has_anteproyecto, k_red_index,is_archived,motive_id,opportunity_type_id,id) VALUES ('Herramienta de gestion de procesos - Documentación - Mapeo y manuales de procesos Operativos-entreó vencida el período de ? Y cerraba el 14-08',23,7,4,26,26,26,NULL,'NONE',NULL,NULL,NULL,NULL,'2024-08-14','2024-08-14',NULL,NULL,NULL,NULL,NULL,FALSE,NULL,3,TRUE,13,20,88);
INSERT INTO opportunities (name, account_id, status_id, manager_id, responsible_dc_id, responsible_business_id, responsible_tech_id, percentage, color_code, start_date,understanding_date,scope_date,coe_date, delivery_date, real_delivery_date, estimated_hours, estimated_term_months, work_plan_link, has_ia_proposal, has_prototype, has_rfp, has_anteproyecto, k_red_index,is_archived,motive_id,opportunity_type_id,id) VALUES ('Proyecto APP-Mobile Choferes',9,5,41,15,18,16,NULL,'NONE',NULL,NULL,NULL,NULL,'2024-08-10','2024-08-10',NULL,NULL,NULL,NULL,NULL,FALSE,NULL,3,TRUE,4,1,87);
INSERT INTO opportunities (name, account_id, status_id, manager_id, responsible_dc_id, responsible_business_id, responsible_tech_id, percentage, color_code, start_date,understanding_date,scope_date,coe_date, delivery_date, real_delivery_date, estimated_hours, estimated_term_months, work_plan_link, has_ia_proposal, has_prototype, has_rfp, has_anteproyecto, k_red_index,is_archived,motive_id,opportunity_type_id,id) VALUES ('Hard Discoun',55,5,41,15,3,16,NULL,'NONE',NULL,NULL,NULL,NULL,'2024-07-27','2024-07-27',4080,3,NULL,NULL,NULL,FALSE,NULL,3,TRUE,4,21,86);
INSERT INTO opportunities (name, account_id, status_id, manager_id, responsible_dc_id, responsible_business_id, responsible_tech_id, percentage, color_code, start_date,understanding_date,scope_date,coe_date, delivery_date, real_delivery_date, estimated_hours, estimated_term_months, work_plan_link, has_ia_proposal, has_prototype, has_rfp, has_anteproyecto, k_red_index,is_archived,motive_id,opportunity_type_id,id) VALUES ('Dicovery Caja de ahorros, Pf ',74,5,41,15,3,16,NULL,'NONE',NULL,NULL,NULL,NULL,'2024-07-26','2024-07-26',2383,NULL,NULL,NULL,NULL,FALSE,NULL,3,TRUE,4,21,85);
INSERT INTO opportunities (name, account_id, status_id, manager_id, responsible_dc_id, responsible_business_id, responsible_tech_id, percentage, color_code, start_date,understanding_date,scope_date,coe_date, delivery_date, real_delivery_date, estimated_hours, estimated_term_months, work_plan_link, has_ia_proposal, has_prototype, has_rfp, has_anteproyecto, k_red_index,is_archived,motive_id,opportunity_type_id,id) VALUES ('Dicovery Caja de ahorros, Pf y Sitio web',73,5,41,15,3,16,NULL,'NONE',NULL,NULL,NULL,NULL,'2024-07-26','2024-07-26',10080,7,NULL,NULL,NULL,FALSE,NULL,3,TRUE,4,21,84);
INSERT INTO opportunities (name, account_id, status_id, manager_id, responsible_dc_id, responsible_business_id, responsible_tech_id, percentage, color_code, start_date,understanding_date,scope_date,coe_date, delivery_date, real_delivery_date, estimated_hours, estimated_term_months, work_plan_link, has_ia_proposal, has_prototype, has_rfp, has_anteproyecto, k_red_index,is_archived,motive_id,opportunity_type_id,id) VALUES ('Mejoras a Plataforma de Fidelización de Clientes',107,6,40,15,18,16,NULL,'NONE',NULL,NULL,NULL,NULL,'2024-07-30','2024-07-30',NULL,NULL,NULL,NULL,NULL,FALSE,NULL,3,TRUE,6,1,83);
INSERT INTO opportunities (name, account_id, status_id, manager_id, responsible_dc_id, responsible_business_id, responsible_tech_id, percentage, color_code, start_date,understanding_date,scope_date,coe_date, delivery_date, real_delivery_date, estimated_hours, estimated_term_months, work_plan_link, has_ia_proposal, has_prototype, has_rfp, has_anteproyecto, k_red_index,is_archived,motive_id,opportunity_type_id,id) VALUES ('Intcomex-Ciberseguridad',65,7,4,26,26,26,NULL,'NONE',NULL,NULL,NULL,NULL,'2024-07-18','2024-07-18',NULL,NULL,NULL,NULL,NULL,FALSE,NULL,3,TRUE,13,1,82);
INSERT INTO opportunities (name, account_id, status_id, manager_id, responsible_dc_id, responsible_business_id, responsible_tech_id, percentage, color_code, start_date,understanding_date,scope_date,coe_date, delivery_date, real_delivery_date, estimated_hours, estimated_term_months, work_plan_link, has_ia_proposal, has_prototype, has_rfp, has_anteproyecto, k_red_index,is_archived,motive_id,opportunity_type_id,id) VALUES ('Proyecto de Medicina Prepaga',39,14,4,15,3,16,NULL,'NONE',NULL,NULL,NULL,NULL,'2024-07-10','2024-07-10',2358,4,NULL,NULL,NULL,FALSE,NULL,3,TRUE,7,1,81);
INSERT INTO opportunities (name, account_id, status_id, manager_id, responsible_dc_id, responsible_business_id, responsible_tech_id, percentage, color_code, start_date,understanding_date,scope_date,coe_date, delivery_date, real_delivery_date, estimated_hours, estimated_term_months, work_plan_link, has_ia_proposal, has_prototype, has_rfp, has_anteproyecto, k_red_index,is_archived,motive_id,opportunity_type_id,id) VALUES ('Dashboard, Gestion de Riesgo, Proyectos',63,14,41,15,3,16,NULL,'NONE',NULL,NULL,NULL,NULL,'2024-07-08','2024-07-08',3434,5,NULL,NULL,NULL,FALSE,NULL,3,TRUE,7,22,80);
INSERT INTO opportunities (name, account_id, status_id, manager_id, responsible_dc_id, responsible_business_id, responsible_tech_id, percentage, color_code, start_date,understanding_date,scope_date,coe_date, delivery_date, real_delivery_date, estimated_hours, estimated_term_months, work_plan_link, has_ia_proposal, has_prototype, has_rfp, has_anteproyecto, k_red_index,is_archived,motive_id,opportunity_type_id,id) VALUES ('Proyecto Nexus',79,5,41,15,18,35,NULL,'NONE',NULL,NULL,NULL,NULL,'2024-07-05','2024-07-05',NULL,NULL,NULL,NULL,NULL,FALSE,NULL,3,TRUE,4,1,79);
INSERT INTO opportunities (name, account_id, status_id, manager_id, responsible_dc_id, responsible_business_id, responsible_tech_id, percentage, color_code, start_date,understanding_date,scope_date,coe_date, delivery_date, real_delivery_date, estimated_hours, estimated_term_months, work_plan_link, has_ia_proposal, has_prototype, has_rfp, has_anteproyecto, k_red_index,is_archived,motive_id,opportunity_type_id,id) VALUES ('Veritran-Celula de Testing',115,14,4,15,18,35,NULL,'NONE',NULL,NULL,NULL,NULL,'2024-06-30','2024-06-30',NULL,NULL,NULL,NULL,NULL,FALSE,NULL,3,TRUE,9,11,78);
INSERT INTO opportunities (name, account_id, status_id, manager_id, responsible_dc_id, responsible_business_id, responsible_tech_id, percentage, color_code, start_date,understanding_date,scope_date,coe_date, delivery_date, real_delivery_date, estimated_hours, estimated_term_months, work_plan_link, has_ia_proposal, has_prototype, has_rfp, has_anteproyecto, k_red_index,is_archived,motive_id,opportunity_type_id,id) VALUES ('Célula de QA',69,2,34,15,18,35,NULL,'NONE',NULL,NULL,NULL,NULL,'2024-06-30','2024-06-30',NULL,NULL,NULL,NULL,NULL,FALSE,NULL,3,TRUE,4,11,77);
INSERT INTO opportunities (name, account_id, status_id, manager_id, responsible_dc_id, responsible_business_id, responsible_tech_id, percentage, color_code, start_date,understanding_date,scope_date,coe_date, delivery_date, real_delivery_date, estimated_hours, estimated_term_months, work_plan_link, has_ia_proposal, has_prototype, has_rfp, has_anteproyecto, k_red_index,is_archived,motive_id,opportunity_type_id,id) VALUES ('IT SYSTEMS INNOVA-',68,6,4,15,18,35,NULL,'NONE',NULL,NULL,NULL,NULL,'2024-06-30','2024-06-30',NULL,NULL,NULL,NULL,NULL,FALSE,NULL,3,TRUE,4,20,76);
INSERT INTO opportunities (name, account_id, status_id, manager_id, responsible_dc_id, responsible_business_id, responsible_tech_id, percentage, color_code, start_date,understanding_date,scope_date,coe_date, delivery_date, real_delivery_date, estimated_hours, estimated_term_months, work_plan_link, has_ia_proposal, has_prototype, has_rfp, has_anteproyecto, k_red_index,is_archived,motive_id,opportunity_type_id,id) VALUES ('Licencia Rocketbot',54,12,4,15,18,35,NULL,'NONE',NULL,NULL,NULL,NULL,'2024-06-30','2024-06-30',NULL,NULL,NULL,NULL,NULL,FALSE,NULL,3,TRUE,NULL,18,75);
INSERT INTO opportunities (name, account_id, status_id, manager_id, responsible_dc_id, responsible_business_id, responsible_tech_id, percentage, color_code, start_date,understanding_date,scope_date,coe_date, delivery_date, real_delivery_date, estimated_hours, estimated_term_months, work_plan_link, has_ia_proposal, has_prototype, has_rfp, has_anteproyecto, k_red_index,is_archived,motive_id,opportunity_type_id,id) VALUES ('Proyecto Asistente Virtual SIS',43,12,4,15,18,35,NULL,'NONE',NULL,NULL,NULL,NULL,'2024-06-30','2024-06-30',NULL,NULL,NULL,NULL,NULL,FALSE,NULL,3,TRUE,NULL,9,74);
INSERT INTO opportunities (name, account_id, status_id, manager_id, responsible_dc_id, responsible_business_id, responsible_tech_id, percentage, color_code, start_date,understanding_date,scope_date,coe_date, delivery_date, real_delivery_date, estimated_hours, estimated_term_months, work_plan_link, has_ia_proposal, has_prototype, has_rfp, has_anteproyecto, k_red_index,is_archived,motive_id,opportunity_type_id,id) VALUES ('DANONE - RPA',37,6,41,15,18,35,NULL,'NONE',NULL,NULL,NULL,NULL,'2024-05-27','2024-05-27',NULL,NULL,NULL,NULL,NULL,FALSE,NULL,3,TRUE,6,18,73);
INSERT INTO opportunities (name, account_id, status_id, manager_id, responsible_dc_id, responsible_business_id, responsible_tech_id, percentage, color_code, start_date,understanding_date,scope_date,coe_date, delivery_date, real_delivery_date, estimated_hours, estimated_term_months, work_plan_link, has_ia_proposal, has_prototype, has_rfp, has_anteproyecto, k_red_index,is_archived,motive_id,opportunity_type_id,id) VALUES ('DANONE - RPA',37,6,41,15,18,35,NULL,'NONE',NULL,NULL,NULL,NULL,'2024-05-27','2024-05-27',NULL,NULL,NULL,NULL,NULL,FALSE,NULL,3,TRUE,6,18,72);
INSERT INTO opportunities (name, account_id, status_id, manager_id, responsible_dc_id, responsible_business_id, responsible_tech_id, percentage, color_code, start_date,understanding_date,scope_date,coe_date, delivery_date, real_delivery_date, estimated_hours, estimated_term_months, work_plan_link, has_ia_proposal, has_prototype, has_rfp, has_anteproyecto, k_red_index,is_archived,motive_id,opportunity_type_id,id) VALUES ('Propuesta de Desarrollo de Refactoring proyecto SIGA',9,5,41,15,18,35,NULL,'NONE',NULL,NULL,NULL,NULL,'2024-06-30','2024-06-30',NULL,NULL,NULL,NULL,NULL,FALSE,NULL,3,TRUE,4,1,71);
INSERT INTO opportunities (name, account_id, status_id, manager_id, responsible_dc_id, responsible_business_id, responsible_tech_id, percentage, color_code, start_date,understanding_date,scope_date,coe_date, delivery_date, real_delivery_date, estimated_hours, estimated_term_months, work_plan_link, has_ia_proposal, has_prototype, has_rfp, has_anteproyecto, k_red_index,is_archived,motive_id,opportunity_type_id,id) VALUES ('6 Edición  de Portal de conductoras',104,12,4,15,36,24,NULL,'NONE',NULL,NULL,NULL,NULL,'2024-06-28','2024-06-28',60,10,NULL,NULL,NULL,FALSE,NULL,3,TRUE,NULL,1,70);
INSERT INTO opportunities (name, account_id, status_id, manager_id, responsible_dc_id, responsible_business_id, responsible_tech_id, percentage, color_code, start_date,understanding_date,scope_date,coe_date, delivery_date, real_delivery_date, estimated_hours, estimated_term_months, work_plan_link, has_ia_proposal, has_prototype, has_rfp, has_anteproyecto, k_red_index,is_archived,motive_id,opportunity_type_id,id) VALUES ('Brief Cambios Prismic',66,5,4,15,3,16,NULL,'NONE',NULL,NULL,NULL,NULL,'2024-06-28','2024-06-28',458,2,NULL,NULL,NULL,FALSE,NULL,3,TRUE,6,1,69);
INSERT INTO opportunities (name, account_id, status_id, manager_id, responsible_dc_id, responsible_business_id, responsible_tech_id, percentage, color_code, start_date,understanding_date,scope_date,coe_date, delivery_date, real_delivery_date, estimated_hours, estimated_term_months, work_plan_link, has_ia_proposal, has_prototype, has_rfp, has_anteproyecto, k_red_index,is_archived,motive_id,opportunity_type_id,id) VALUES ('Proceso de contabilidad (implementación)',16,12,4,12,1,22,NULL,'NONE',NULL,NULL,NULL,NULL,'2024-06-28','2024-06-28',256,0.75,NULL,NULL,NULL,FALSE,NULL,3,TRUE,NULL,15,68);
INSERT INTO opportunities (name, account_id, status_id, manager_id, responsible_dc_id, responsible_business_id, responsible_tech_id, percentage, color_code, start_date,understanding_date,scope_date,coe_date, delivery_date, real_delivery_date, estimated_hours, estimated_term_months, work_plan_link, has_ia_proposal, has_prototype, has_rfp, has_anteproyecto, k_red_index,is_archived,motive_id,opportunity_type_id,id) VALUES ('Resguardo de la información en Servicios Cloud',89,14,4,15,18,35,NULL,'NONE',NULL,NULL,NULL,NULL,'2024-06-24','2024-06-24',NULL,NULL,NULL,NULL,NULL,FALSE,NULL,3,TRUE,7,22,67);
INSERT INTO opportunities (name, account_id, status_id, manager_id, responsible_dc_id, responsible_business_id, responsible_tech_id, percentage, color_code, start_date,understanding_date,scope_date,coe_date, delivery_date, real_delivery_date, estimated_hours, estimated_term_months, work_plan_link, has_ia_proposal, has_prototype, has_rfp, has_anteproyecto, k_red_index,is_archived,motive_id,opportunity_type_id,id) VALUES ('Desarrollo APP Mobile',9,6,41,15,18,35,NULL,'NONE',NULL,NULL,NULL,NULL,'2024-06-07','2024-06-07',NULL,NULL,NULL,NULL,NULL,FALSE,NULL,3,TRUE,6,7,66);
INSERT INTO opportunities (name, account_id, status_id, manager_id, responsible_dc_id, responsible_business_id, responsible_tech_id, percentage, color_code, start_date,understanding_date,scope_date,coe_date, delivery_date, real_delivery_date, estimated_hours, estimated_term_months, work_plan_link, has_ia_proposal, has_prototype, has_rfp, has_anteproyecto, k_red_index,is_archived,motive_id,opportunity_type_id,id) VALUES ('Multivendor - Portal B2B Sudamérica + Migración B2C Perú',101,5,41,15,18,16,NULL,'NONE',NULL,NULL,NULL,NULL,'2024-06-05','2024-06-05',19280,11,NULL,NULL,NULL,FALSE,NULL,3,TRUE,6,1,65);
INSERT INTO opportunities (name, account_id, status_id, manager_id, responsible_dc_id, responsible_business_id, responsible_tech_id, percentage, color_code, start_date,understanding_date,scope_date,coe_date, delivery_date, real_delivery_date, estimated_hours, estimated_term_months, work_plan_link, has_ia_proposal, has_prototype, has_rfp, has_anteproyecto, k_red_index,is_archived,motive_id,opportunity_type_id,id) VALUES ('Proyecto portales unificados',104,14,4,15,18,35,NULL,'NONE',NULL,NULL,NULL,NULL,'2024-05-31','2024-05-31',NULL,NULL,NULL,NULL,NULL,FALSE,NULL,3,TRUE,7,1,64);
INSERT INTO opportunities (name, account_id, status_id, manager_id, responsible_dc_id, responsible_business_id, responsible_tech_id, percentage, color_code, start_date,understanding_date,scope_date,coe_date, delivery_date, real_delivery_date, estimated_hours, estimated_term_months, work_plan_link, has_ia_proposal, has_prototype, has_rfp, has_anteproyecto, k_red_index,is_archived,motive_id,opportunity_type_id,id) VALUES ('Celula de testing',81,14,4,15,18,35,NULL,'NONE',NULL,NULL,NULL,NULL,'2024-05-31','2024-05-31',NULL,NULL,NULL,NULL,NULL,FALSE,NULL,3,TRUE,7,11,63);
INSERT INTO opportunities (name, account_id, status_id, manager_id, responsible_dc_id, responsible_business_id, responsible_tech_id, percentage, color_code, start_date,understanding_date,scope_date,coe_date, delivery_date, real_delivery_date, estimated_hours, estimated_term_months, work_plan_link, has_ia_proposal, has_prototype, has_rfp, has_anteproyecto, k_red_index,is_archived,motive_id,opportunity_type_id,id) VALUES ('Prototipo de Sistema de infracciones ',51,6,40,15,18,35,NULL,'NONE',NULL,NULL,NULL,NULL,'2024-05-31','2024-05-31',NULL,NULL,NULL,NULL,NULL,FALSE,NULL,3,TRUE,6,17,62);
INSERT INTO opportunities (name, account_id, status_id, manager_id, responsible_dc_id, responsible_business_id, responsible_tech_id, percentage, color_code, start_date,understanding_date,scope_date,coe_date, delivery_date, real_delivery_date, estimated_hours, estimated_term_months, work_plan_link, has_ia_proposal, has_prototype, has_rfp, has_anteproyecto, k_red_index,is_archived,motive_id,opportunity_type_id,id) VALUES ('Desarrollo RPA Planing',16,14,4,18,1,33,NULL,'NONE',NULL,NULL,NULL,NULL,'2024-05-31','2024-05-31',1830,7,NULL,NULL,NULL,FALSE,NULL,3,TRUE,7,15,61);
INSERT INTO opportunities (name, account_id, status_id, manager_id, responsible_dc_id, responsible_business_id, responsible_tech_id, percentage, color_code, start_date,understanding_date,scope_date,coe_date, delivery_date, real_delivery_date, estimated_hours, estimated_term_months, work_plan_link, has_ia_proposal, has_prototype, has_rfp, has_anteproyecto, k_red_index,is_archived,motive_id,opportunity_type_id,id) VALUES ('Desarrollo RPA Customer',16,14,4,18,1,33,NULL,'NONE',NULL,NULL,NULL,NULL,'2024-05-31','2024-05-31',1390,5,NULL,NULL,NULL,FALSE,NULL,3,TRUE,7,15,60);
INSERT INTO opportunities (name, account_id, status_id, manager_id, responsible_dc_id, responsible_business_id, responsible_tech_id, percentage, color_code, start_date,understanding_date,scope_date,coe_date, delivery_date, real_delivery_date, estimated_hours, estimated_term_months, work_plan_link, has_ia_proposal, has_prototype, has_rfp, has_anteproyecto, k_red_index,is_archived,motive_id,opportunity_type_id,id) VALUES ('Celula de Desarrollo Plataforma Envíos',93,2,41,15,18,35,NULL,'NONE',NULL,NULL,NULL,NULL,'2024-05-30','2024-05-30',NULL,NULL,NULL,NULL,NULL,FALSE,NULL,3,TRUE,4,1,59);
INSERT INTO opportunities (name, account_id, status_id, manager_id, responsible_dc_id, responsible_business_id, responsible_tech_id, percentage, color_code, start_date,understanding_date,scope_date,coe_date, delivery_date, real_delivery_date, estimated_hours, estimated_term_months, work_plan_link, has_ia_proposal, has_prototype, has_rfp, has_anteproyecto, k_red_index,is_archived,motive_id,opportunity_type_id,id) VALUES ('Servicio RPA',19,5,41,18,1,33,NULL,'NONE',NULL,NULL,NULL,NULL,'2024-05-30','2024-05-30',NULL,NULL,NULL,NULL,NULL,FALSE,NULL,3,TRUE,4,18,58);
INSERT INTO opportunities (name, account_id, status_id, manager_id, responsible_dc_id, responsible_business_id, responsible_tech_id, percentage, color_code, start_date,understanding_date,scope_date,coe_date, delivery_date, real_delivery_date, estimated_hours, estimated_term_months, work_plan_link, has_ia_proposal, has_prototype, has_rfp, has_anteproyecto, k_red_index,is_archived,motive_id,opportunity_type_id,id) VALUES ('RPA PROCESO MAIL',88,14,40,18,1,NULL,NULL,'NONE',NULL,NULL,NULL,NULL,'2024-05-27','2024-05-27',NULL,NULL,NULL,NULL,NULL,FALSE,NULL,3,TRUE,7,18,57);
INSERT INTO opportunities (name, account_id, status_id, manager_id, responsible_dc_id, responsible_business_id, responsible_tech_id, percentage, color_code, start_date,understanding_date,scope_date,coe_date, delivery_date, real_delivery_date, estimated_hours, estimated_term_months, work_plan_link, has_ia_proposal, has_prototype, has_rfp, has_anteproyecto, k_red_index,is_archived,motive_id,opportunity_type_id,id) VALUES ('Automatización de procesos conciliatorios',46,7,4,26,26,26,NULL,'NONE',NULL,NULL,NULL,NULL,'2024-05-24','2024-05-24',NULL,NULL,NULL,NULL,NULL,FALSE,NULL,3,TRUE,13,14,56);
INSERT INTO opportunities (name, account_id, status_id, manager_id, responsible_dc_id, responsible_business_id, responsible_tech_id, percentage, color_code, start_date,understanding_date,scope_date,coe_date, delivery_date, real_delivery_date, estimated_hours, estimated_term_months, work_plan_link, has_ia_proposal, has_prototype, has_rfp, has_anteproyecto, k_red_index,is_archived,motive_id,opportunity_type_id,id) VALUES ('Pliego proyecto Moodle/E-Learning',11,14,4,15,18,16,NULL,'NONE',NULL,NULL,NULL,NULL,'2024-05-24','2024-05-24',NULL,NULL,NULL,NULL,NULL,FALSE,NULL,3,TRUE,7,21,55);
INSERT INTO opportunities (name, account_id, status_id, manager_id, responsible_dc_id, responsible_business_id, responsible_tech_id, percentage, color_code, start_date,understanding_date,scope_date,coe_date, delivery_date, real_delivery_date, estimated_hours, estimated_term_months, work_plan_link, has_ia_proposal, has_prototype, has_rfp, has_anteproyecto, k_red_index,is_archived,motive_id,opportunity_type_id,id) VALUES ('Soporte, mantención y desarrollo de mejoras a nuestro Sistema de Información SICC. Se cotizaron los perfiles ',102,4,41,26,26,26,NULL,'NONE',NULL,NULL,NULL,NULL,'2024-05-18','2024-05-18',NULL,NULL,NULL,NULL,NULL,FALSE,NULL,3,TRUE,9,1,54);
INSERT INTO opportunities (name, account_id, status_id, manager_id, responsible_dc_id, responsible_business_id, responsible_tech_id, percentage, color_code, start_date,understanding_date,scope_date,coe_date, delivery_date, real_delivery_date, estimated_hours, estimated_term_months, work_plan_link, has_ia_proposal, has_prototype, has_rfp, has_anteproyecto, k_red_index,is_archived,motive_id,opportunity_type_id,id) VALUES ('Portal de proveedores',58,14,4,15,18,35,NULL,'NONE',NULL,NULL,NULL,NULL,'2024-05-15','2024-05-15',NULL,NULL,NULL,NULL,NULL,FALSE,NULL,3,TRUE,7,1,53);
INSERT INTO opportunities (name, account_id, status_id, manager_id, responsible_dc_id, responsible_business_id, responsible_tech_id, percentage, color_code, start_date,understanding_date,scope_date,coe_date, delivery_date, real_delivery_date, estimated_hours, estimated_term_months, work_plan_link, has_ia_proposal, has_prototype, has_rfp, has_anteproyecto, k_red_index,is_archived,motive_id,opportunity_type_id,id) VALUES ('Consultoría para página web',47,12,41,15,18,35,NULL,'NONE',NULL,NULL,NULL,NULL,'2024-05-14','2024-05-14',NULL,NULL,NULL,NULL,NULL,FALSE,NULL,3,TRUE,NULL,1,52);
INSERT INTO opportunities (name, account_id, status_id, manager_id, responsible_dc_id, responsible_business_id, responsible_tech_id, percentage, color_code, start_date,understanding_date,scope_date,coe_date, delivery_date, real_delivery_date, estimated_hours, estimated_term_months, work_plan_link, has_ia_proposal, has_prototype, has_rfp, has_anteproyecto, k_red_index,is_archived,motive_id,opportunity_type_id,id) VALUES ('Renovación Servicio Automatizacion- Abril 2024',45,12,41,15,18,35,NULL,'NONE',NULL,NULL,NULL,NULL,'2024-04-29','2024-04-29',NULL,NULL,NULL,NULL,NULL,FALSE,NULL,3,TRUE,NULL,23,51);
INSERT INTO opportunities (name, account_id, status_id, manager_id, responsible_dc_id, responsible_business_id, responsible_tech_id, percentage, color_code, start_date,understanding_date,scope_date,coe_date, delivery_date, real_delivery_date, estimated_hours, estimated_term_months, work_plan_link, has_ia_proposal, has_prototype, has_rfp, has_anteproyecto, k_red_index,is_archived,motive_id,opportunity_type_id,id) VALUES ('Assessment de Migración Sistema TAMS',3,14,41,15,18,35,NULL,'NONE',NULL,NULL,NULL,NULL,'2024-04-29','2024-04-29',NULL,NULL,NULL,NULL,NULL,FALSE,NULL,3,TRUE,7,17,50);
INSERT INTO opportunities (name, account_id, status_id, manager_id, responsible_dc_id, responsible_business_id, responsible_tech_id, percentage, color_code, start_date,understanding_date,scope_date,coe_date, delivery_date, real_delivery_date, estimated_hours, estimated_term_months, work_plan_link, has_ia_proposal, has_prototype, has_rfp, has_anteproyecto, k_red_index,is_archived,motive_id,opportunity_type_id,id) VALUES ('MAGIIS Argentina S.A.-',86,12,4,15,18,35,NULL,'NONE',NULL,NULL,NULL,NULL,'2024-04-25','2024-04-25',NULL,NULL,NULL,NULL,NULL,FALSE,NULL,3,TRUE,NULL,1,49);
INSERT INTO opportunities (name, account_id, status_id, manager_id, responsible_dc_id, responsible_business_id, responsible_tech_id, percentage, color_code, start_date,understanding_date,scope_date,coe_date, delivery_date, real_delivery_date, estimated_hours, estimated_term_months, work_plan_link, has_ia_proposal, has_prototype, has_rfp, has_anteproyecto, k_red_index,is_archived,motive_id,opportunity_type_id,id) VALUES ('Sistema Integrado de Solicitudes ',43,12,4,15,18,35,NULL,'NONE',NULL,NULL,NULL,NULL,'2024-04-25','2024-04-25',NULL,NULL,NULL,NULL,NULL,TRUE,NULL,3,TRUE,NULL,9,48);
INSERT INTO opportunities (name, account_id, status_id, manager_id, responsible_dc_id, responsible_business_id, responsible_tech_id, percentage, color_code, start_date,understanding_date,scope_date,coe_date, delivery_date, real_delivery_date, estimated_hours, estimated_term_months, work_plan_link, has_ia_proposal, has_prototype, has_rfp, has_anteproyecto, k_red_index,is_archived,motive_id,opportunity_type_id,id) VALUES ('Pliego Ciberseguridad',89,14,4,15,18,35,NULL,'NONE',NULL,NULL,NULL,NULL,'2024-03-29','2024-03-29',NULL,NULL,NULL,NULL,NULL,FALSE,NULL,3,TRUE,7,22,47);
INSERT INTO opportunities (name, account_id, status_id, manager_id, responsible_dc_id, responsible_business_id, responsible_tech_id, percentage, color_code, start_date,understanding_date,scope_date,coe_date, delivery_date, real_delivery_date, estimated_hours, estimated_term_months, work_plan_link, has_ia_proposal, has_prototype, has_rfp, has_anteproyecto, k_red_index,is_archived,motive_id,opportunity_type_id,id) VALUES ('Renovación de Licencias Veeam ',89,14,4,15,18,35,NULL,'NONE',NULL,NULL,NULL,NULL,'2024-03-13','2024-03-13',NULL,NULL,NULL,NULL,NULL,FALSE,NULL,3,TRUE,7,12,46);
INSERT INTO opportunities (name, account_id, status_id, manager_id, responsible_dc_id, responsible_business_id, responsible_tech_id, percentage, color_code, start_date,understanding_date,scope_date,coe_date, delivery_date, real_delivery_date, estimated_hours, estimated_term_months, work_plan_link, has_ia_proposal, has_prototype, has_rfp, has_anteproyecto, k_red_index,is_archived,motive_id,opportunity_type_id,id) VALUES ('Soporte a servidores HP ',89,7,4,26,26,26,NULL,'NONE',NULL,NULL,NULL,NULL,'2024-03-06','2024-03-06',NULL,NULL,NULL,NULL,NULL,FALSE,NULL,3,TRUE,13,6,45);
INSERT INTO opportunities (name, account_id, status_id, manager_id, responsible_dc_id, responsible_business_id, responsible_tech_id, percentage, color_code, start_date,understanding_date,scope_date,coe_date, delivery_date, real_delivery_date, estimated_hours, estimated_term_months, work_plan_link, has_ia_proposal, has_prototype, has_rfp, has_anteproyecto, k_red_index,is_archived,motive_id,opportunity_type_id,id) VALUES ('Desarrollo Parking',67,12,41,15,18,35,NULL,'NONE',NULL,NULL,NULL,NULL,'2024-02-23','2024-02-23',NULL,NULL,NULL,NULL,NULL,FALSE,NULL,3,TRUE,NULL,1,44);
INSERT INTO opportunities (name, account_id, status_id, manager_id, responsible_dc_id, responsible_business_id, responsible_tech_id, percentage, color_code, start_date,understanding_date,scope_date,coe_date, delivery_date, real_delivery_date, estimated_hours, estimated_term_months, work_plan_link, has_ia_proposal, has_prototype, has_rfp, has_anteproyecto, k_red_index,is_archived,motive_id,opportunity_type_id,id) VALUES ('Desarrollo UX',4,6,40,15,18,35,NULL,'NONE',NULL,NULL,NULL,NULL,'2024-02-21','2024-02-21',NULL,NULL,NULL,NULL,NULL,FALSE,NULL,3,TRUE,5,1,43);
INSERT INTO opportunities (name, account_id, status_id, manager_id, responsible_dc_id, responsible_business_id, responsible_tech_id, percentage, color_code, start_date,understanding_date,scope_date,coe_date, delivery_date, real_delivery_date, estimated_hours, estimated_term_months, work_plan_link, has_ia_proposal, has_prototype, has_rfp, has_anteproyecto, k_red_index,is_archived,motive_id,opportunity_type_id,id) VALUES ('RPA - Rockebot Proceso Area de produccion',1,6,40,15,18,35,NULL,'NONE',NULL,NULL,NULL,NULL,'2024-02-14','2024-02-14',NULL,NULL,NULL,NULL,NULL,FALSE,NULL,3,TRUE,6,18,42);
INSERT INTO opportunities (name, account_id, status_id, manager_id, responsible_dc_id, responsible_business_id, responsible_tech_id, percentage, color_code, start_date,understanding_date,scope_date,coe_date, delivery_date, real_delivery_date, estimated_hours, estimated_term_months, work_plan_link, has_ia_proposal, has_prototype, has_rfp, has_anteproyecto, k_red_index,is_archived,motive_id,opportunity_type_id,id) VALUES ('Unificación de portales de usados ',105,14,40,15,18,35,NULL,'NONE',NULL,NULL,NULL,NULL,'2024-02-01','2024-02-01',NULL,NULL,NULL,NULL,NULL,FALSE,NULL,3,TRUE,7,1,41);
INSERT INTO opportunities (name, account_id, status_id, manager_id, responsible_dc_id, responsible_business_id, responsible_tech_id, percentage, color_code, start_date,understanding_date,scope_date,coe_date, delivery_date, real_delivery_date, estimated_hours, estimated_term_months, work_plan_link, has_ia_proposal, has_prototype, has_rfp, has_anteproyecto, k_red_index,is_archived,motive_id,opportunity_type_id,id) VALUES ('Servicios de Testing-IA',111,6,4,15,18,35,NULL,'NONE',NULL,NULL,NULL,NULL,'2024-01-01','2024-01-01',NULL,NULL,NULL,NULL,NULL,FALSE,NULL,3,TRUE,6,11,40);
INSERT INTO opportunities (name, account_id, status_id, manager_id, responsible_dc_id, responsible_business_id, responsible_tech_id, percentage, color_code, start_date,understanding_date,scope_date,coe_date, delivery_date, real_delivery_date, estimated_hours, estimated_term_months, work_plan_link, has_ia_proposal, has_prototype, has_rfp, has_anteproyecto, k_red_index,is_archived,motive_id,opportunity_type_id,id) VALUES ('Nuevos desarrollos',84,6,41,15,18,35,NULL,'NONE',NULL,NULL,NULL,NULL,'2024-01-01','2024-01-01',NULL,NULL,NULL,NULL,NULL,FALSE,NULL,3,TRUE,6,1,39);
INSERT INTO opportunities (name, account_id, status_id, manager_id, responsible_dc_id, responsible_business_id, responsible_tech_id, percentage, color_code, start_date,understanding_date,scope_date,coe_date, delivery_date, real_delivery_date, estimated_hours, estimated_term_months, work_plan_link, has_ia_proposal, has_prototype, has_rfp, has_anteproyecto, k_red_index,is_archived,motive_id,opportunity_type_id,id) VALUES ('Servicio de Staffing - Infraestructura Azure',19,6,41,15,18,35,NULL,'NONE',NULL,NULL,NULL,NULL,'2024-01-01','2024-01-01',NULL,NULL,NULL,NULL,NULL,FALSE,NULL,3,TRUE,6,23,38);
INSERT INTO opportunities (name, account_id, status_id, manager_id, responsible_dc_id, responsible_business_id, responsible_tech_id, percentage, color_code, start_date,understanding_date,scope_date,coe_date, delivery_date, real_delivery_date, estimated_hours, estimated_term_months, work_plan_link, has_ia_proposal, has_prototype, has_rfp, has_anteproyecto, k_red_index,is_archived,motive_id,opportunity_type_id,id) VALUES ('Staffing - Consultoría SAP',20,7,40,26,26,26,NULL,'NONE',NULL,NULL,NULL,NULL,'2024-01-01','2024-01-01',NULL,NULL,NULL,NULL,NULL,FALSE,NULL,3,TRUE,13,19,37);
INSERT INTO opportunities (name, account_id, status_id, manager_id, responsible_dc_id, responsible_business_id, responsible_tech_id, percentage, color_code, start_date,understanding_date,scope_date,coe_date, delivery_date, real_delivery_date, estimated_hours, estimated_term_months, work_plan_link, has_ia_proposal, has_prototype, has_rfp, has_anteproyecto, k_red_index,is_archived,motive_id,opportunity_type_id,id) VALUES ('ABM PROVEEDORES ',72,5,40,15,18,35,NULL,'NONE',NULL,NULL,NULL,NULL,'2023-09-14','2023-09-14',NULL,NULL,NULL,NULL,NULL,FALSE,NULL,4,TRUE,4,1,36);
INSERT INTO opportunities (name, account_id, status_id, manager_id, responsible_dc_id, responsible_business_id, responsible_tech_id, percentage, color_code, start_date,understanding_date,scope_date,coe_date, delivery_date, real_delivery_date, estimated_hours, estimated_term_months, work_plan_link, has_ia_proposal, has_prototype, has_rfp, has_anteproyecto, k_red_index,is_archived,motive_id,opportunity_type_id,id) VALUES ('MANTENIMIENTO Portal CONDUCTORAS/USADOS',105,12,40,15,18,35,NULL,'NONE',NULL,NULL,NULL,NULL,'2023-09-07','2023-09-07',NULL,NULL,NULL,NULL,NULL,FALSE,NULL,4,TRUE,NULL,1,35);
INSERT INTO opportunities (name, account_id, status_id, manager_id, responsible_dc_id, responsible_business_id, responsible_tech_id, percentage, color_code, start_date,understanding_date,scope_date,coe_date, delivery_date, real_delivery_date, estimated_hours, estimated_term_months, work_plan_link, has_ia_proposal, has_prototype, has_rfp, has_anteproyecto, k_red_index,is_archived,motive_id,opportunity_type_id,id) VALUES ('INTERFACE D365',105,12,40,15,18,35,NULL,'NONE',NULL,NULL,NULL,NULL,'2023-09-01','2023-09-01',NULL,NULL,NULL,NULL,NULL,FALSE,NULL,4,TRUE,NULL,20,34);
INSERT INTO opportunities (name, account_id, status_id, manager_id, responsible_dc_id, responsible_business_id, responsible_tech_id, percentage, color_code, start_date,understanding_date,scope_date,coe_date, delivery_date, real_delivery_date, estimated_hours, estimated_term_months, work_plan_link, has_ia_proposal, has_prototype, has_rfp, has_anteproyecto, k_red_index,is_archived,motive_id,opportunity_type_id,id) VALUES ('MIGRACION TECNOLOGIA APIS - AFIP',87,14,40,15,18,35,NULL,'NONE',NULL,NULL,NULL,NULL,'2023-08-24','2023-08-24',NULL,NULL,NULL,NULL,NULL,FALSE,NULL,4,TRUE,7,1,33);
INSERT INTO opportunities (name, account_id, status_id, manager_id, responsible_dc_id, responsible_business_id, responsible_tech_id, percentage, color_code, start_date,understanding_date,scope_date,coe_date, delivery_date, real_delivery_date, estimated_hours, estimated_term_months, work_plan_link, has_ia_proposal, has_prototype, has_rfp, has_anteproyecto, k_red_index,is_archived,motive_id,opportunity_type_id,id) VALUES ('aumentar funcionalidades en ODOO Y GECROS',116,14,40,15,18,35,NULL,'NONE',NULL,NULL,NULL,NULL,'2023-08-23','2023-08-23',NULL,NULL,NULL,NULL,NULL,FALSE,NULL,4,TRUE,7,1,32);
INSERT INTO opportunities (name, account_id, status_id, manager_id, responsible_dc_id, responsible_business_id, responsible_tech_id, percentage, color_code, start_date,understanding_date,scope_date,coe_date, delivery_date, real_delivery_date, estimated_hours, estimated_term_months, work_plan_link, has_ia_proposal, has_prototype, has_rfp, has_anteproyecto, k_red_index,is_archived,motive_id,opportunity_type_id,id) VALUES ('Portal Crowdfunding',7,6,40,15,18,35,NULL,'NONE',NULL,NULL,NULL,NULL,'2023-08-18','2023-08-18',NULL,NULL,NULL,NULL,NULL,FALSE,NULL,4,TRUE,6,1,31);
INSERT INTO opportunities (name, account_id, status_id, manager_id, responsible_dc_id, responsible_business_id, responsible_tech_id, percentage, color_code, start_date,understanding_date,scope_date,coe_date, delivery_date, real_delivery_date, estimated_hours, estimated_term_months, work_plan_link, has_ia_proposal, has_prototype, has_rfp, has_anteproyecto, k_red_index,is_archived,motive_id,opportunity_type_id,id) VALUES ('Desarrollo Portal de pedido de estudios',77,12,41,15,18,35,NULL,'NONE',NULL,NULL,NULL,NULL,'2023-07-26','2023-07-26',NULL,NULL,NULL,NULL,NULL,FALSE,NULL,4,TRUE,NULL,1,30);
INSERT INTO opportunities (name, account_id, status_id, manager_id, responsible_dc_id, responsible_business_id, responsible_tech_id, percentage, color_code, start_date,understanding_date,scope_date,coe_date, delivery_date, real_delivery_date, estimated_hours, estimated_term_months, work_plan_link, has_ia_proposal, has_prototype, has_rfp, has_anteproyecto, k_red_index,is_archived,motive_id,opportunity_type_id,id) VALUES ('Renovacion Servicio de Automatizacion',45,12,41,15,18,35,NULL,'NONE',NULL,NULL,NULL,NULL,'2023-07-17','2023-07-17',NULL,NULL,NULL,NULL,NULL,FALSE,NULL,4,TRUE,NULL,9,29);
INSERT INTO opportunities (name, account_id, status_id, manager_id, responsible_dc_id, responsible_business_id, responsible_tech_id, percentage, color_code, start_date,understanding_date,scope_date,coe_date, delivery_date, real_delivery_date, estimated_hours, estimated_term_months, work_plan_link, has_ia_proposal, has_prototype, has_rfp, has_anteproyecto, k_red_index,is_archived,motive_id,opportunity_type_id,id) VALUES ('Renovacion Mantenimiento Mobile',47,12,41,15,18,35,NULL,'NONE',NULL,NULL,NULL,NULL,'2023-07-04','2023-07-04',NULL,NULL,NULL,NULL,NULL,FALSE,NULL,4,TRUE,NULL,7,28);
INSERT INTO opportunities (name, account_id, status_id, manager_id, responsible_dc_id, responsible_business_id, responsible_tech_id, percentage, color_code, start_date,understanding_date,scope_date,coe_date, delivery_date, real_delivery_date, estimated_hours, estimated_term_months, work_plan_link, has_ia_proposal, has_prototype, has_rfp, has_anteproyecto, k_red_index,is_archived,motive_id,opportunity_type_id,id) VALUES ('Testing - Demostración.-',38,14,40,15,18,35,NULL,'NONE',NULL,NULL,NULL,NULL,'2023-06-30','2023-06-30',NULL,NULL,NULL,NULL,NULL,FALSE,NULL,4,TRUE,7,11,27);
INSERT INTO opportunities (name, account_id, status_id, manager_id, responsible_dc_id, responsible_business_id, responsible_tech_id, percentage, color_code, start_date,understanding_date,scope_date,coe_date, delivery_date, real_delivery_date, estimated_hours, estimated_term_months, work_plan_link, has_ia_proposal, has_prototype, has_rfp, has_anteproyecto, k_red_index,is_archived,motive_id,opportunity_type_id,id) VALUES ('Celula Agil-Proyecto  ME1',5,12,41,15,18,35,NULL,'NONE',NULL,NULL,NULL,NULL,'2023-06-29','2023-06-29',NULL,NULL,NULL,NULL,NULL,FALSE,NULL,4,TRUE,NULL,1,26);
INSERT INTO opportunities (name, account_id, status_id, manager_id, responsible_dc_id, responsible_business_id, responsible_tech_id, percentage, color_code, start_date,understanding_date,scope_date,coe_date, delivery_date, real_delivery_date, estimated_hours, estimated_term_months, work_plan_link, has_ia_proposal, has_prototype, has_rfp, has_anteproyecto, k_red_index,is_archived,motive_id,opportunity_type_id,id) VALUES ('PORTAL SUJETOS',105,12,40,15,18,35,NULL,'NONE',NULL,NULL,NULL,NULL,'2023-06-26','2023-06-26',NULL,NULL,NULL,NULL,NULL,FALSE,NULL,4,TRUE,NULL,1,25);
INSERT INTO opportunities (name, account_id, status_id, manager_id, responsible_dc_id, responsible_business_id, responsible_tech_id, percentage, color_code, start_date,understanding_date,scope_date,coe_date, delivery_date, real_delivery_date, estimated_hours, estimated_term_months, work_plan_link, has_ia_proposal, has_prototype, has_rfp, has_anteproyecto, k_red_index,is_archived,motive_id,opportunity_type_id,id) VALUES ('Desarrollo Portal Conductoras',105,12,40,15,18,35,NULL,'NONE',NULL,NULL,NULL,NULL,'2023-06-26','2023-06-26',NULL,NULL,NULL,NULL,NULL,FALSE,NULL,4,TRUE,NULL,1,24);
INSERT INTO opportunities (name, account_id, status_id, manager_id, responsible_dc_id, responsible_business_id, responsible_tech_id, percentage, color_code, start_date,understanding_date,scope_date,coe_date, delivery_date, real_delivery_date, estimated_hours, estimated_term_months, work_plan_link, has_ia_proposal, has_prototype, has_rfp, has_anteproyecto, k_red_index,is_archived,motive_id,opportunity_type_id,id) VALUES ('Coaching Agile',10,14,40,15,18,35,NULL,'NONE',NULL,NULL,NULL,NULL,'2023-06-23','2023-06-23',NULL,NULL,NULL,NULL,NULL,FALSE,NULL,4,TRUE,7,20,23);
INSERT INTO opportunities (name, account_id, status_id, manager_id, responsible_dc_id, responsible_business_id, responsible_tech_id, percentage, color_code, start_date,understanding_date,scope_date,coe_date, delivery_date, real_delivery_date, estimated_hours, estimated_term_months, work_plan_link, has_ia_proposal, has_prototype, has_rfp, has_anteproyecto, k_red_index,is_archived,motive_id,opportunity_type_id,id) VALUES ('Desarrollo evolutivo-correctivo Wilwot',5,12,41,15,18,35,NULL,'NONE',NULL,NULL,NULL,NULL,'2023-06-16','2023-06-16',NULL,NULL,NULL,NULL,NULL,FALSE,NULL,4,TRUE,NULL,1,22);
INSERT INTO opportunities (name, account_id, status_id, manager_id, responsible_dc_id, responsible_business_id, responsible_tech_id, percentage, color_code, start_date,understanding_date,scope_date,coe_date, delivery_date, real_delivery_date, estimated_hours, estimated_term_months, work_plan_link, has_ia_proposal, has_prototype, has_rfp, has_anteproyecto, k_red_index,is_archived,motive_id,opportunity_type_id,id) VALUES ('Ampliacion Proyecto SPEE- WOS',5,12,41,15,18,35,NULL,'NONE',NULL,NULL,NULL,NULL,'2023-05-30','2023-05-30',NULL,NULL,NULL,NULL,NULL,FALSE,NULL,4,TRUE,NULL,1,21);
INSERT INTO opportunities (name, account_id, status_id, manager_id, responsible_dc_id, responsible_business_id, responsible_tech_id, percentage, color_code, start_date,understanding_date,scope_date,coe_date, delivery_date, real_delivery_date, estimated_hours, estimated_term_months, work_plan_link, has_ia_proposal, has_prototype, has_rfp, has_anteproyecto, k_red_index,is_archived,motive_id,opportunity_type_id,id) VALUES ('Celula Agil- Proyectos Empresas',31,2,41,15,18,35,NULL,'NONE',NULL,NULL,NULL,NULL,'2023-05-19','2023-05-19',NULL,NULL,NULL,NULL,NULL,FALSE,NULL,4,TRUE,4,1,20);
INSERT INTO opportunities (name, account_id, status_id, manager_id, responsible_dc_id, responsible_business_id, responsible_tech_id, percentage, color_code, start_date,understanding_date,scope_date,coe_date, delivery_date, real_delivery_date, estimated_hours, estimated_term_months, work_plan_link, has_ia_proposal, has_prototype, has_rfp, has_anteproyecto, k_red_index,is_archived,motive_id,opportunity_type_id,id) VALUES ('Proyecto Emprendedores',113,6,40,15,18,35,NULL,'NONE',NULL,NULL,NULL,NULL,'2023-01-01','2023-01-01',NULL,NULL,NULL,NULL,NULL,FALSE,NULL,4,TRUE,6,1,19);
INSERT INTO opportunities (name, account_id, status_id, manager_id, responsible_dc_id, responsible_business_id, responsible_tech_id, percentage, color_code, start_date,understanding_date,scope_date,coe_date, delivery_date, real_delivery_date, estimated_hours, estimated_term_months, work_plan_link, has_ia_proposal, has_prototype, has_rfp, has_anteproyecto, k_red_index,is_archived,motive_id,opportunity_type_id,id) VALUES ('Desarrollo  mantenimiento correctivo sistemas ',113,12,40,15,18,35,NULL,'NONE',NULL,NULL,NULL,NULL,'2023-01-01','2023-01-01',NULL,NULL,NULL,NULL,NULL,FALSE,NULL,4,TRUE,NULL,1,18);
INSERT INTO opportunities (name, account_id, status_id, manager_id, responsible_dc_id, responsible_business_id, responsible_tech_id, percentage, color_code, start_date,understanding_date,scope_date,coe_date, delivery_date, real_delivery_date, estimated_hours, estimated_term_months, work_plan_link, has_ia_proposal, has_prototype, has_rfp, has_anteproyecto, k_red_index,is_archived,motive_id,opportunity_type_id,id) VALUES ('Desarrollo Siga y Grados',112,6,41,15,18,35,NULL,'NONE',NULL,NULL,NULL,NULL,'2023-01-01','2023-01-01',NULL,NULL,NULL,NULL,NULL,FALSE,NULL,4,TRUE,4,1,17);
INSERT INTO opportunities (name, account_id, status_id, manager_id, responsible_dc_id, responsible_business_id, responsible_tech_id, percentage, color_code, start_date,understanding_date,scope_date,coe_date, delivery_date, real_delivery_date, estimated_hours, estimated_term_months, work_plan_link, has_ia_proposal, has_prototype, has_rfp, has_anteproyecto, k_red_index,is_archived,motive_id,opportunity_type_id,id) VALUES ('Migración y mantenimiento de vehículos usados',105,12,40,15,18,35,NULL,'NONE',NULL,NULL,NULL,NULL,'2023-01-01','2023-01-01',NULL,NULL,NULL,NULL,NULL,FALSE,NULL,4,TRUE,NULL,1,16);
INSERT INTO opportunities (name, account_id, status_id, manager_id, responsible_dc_id, responsible_business_id, responsible_tech_id, percentage, color_code, start_date,understanding_date,scope_date,coe_date, delivery_date, real_delivery_date, estimated_hours, estimated_term_months, work_plan_link, has_ia_proposal, has_prototype, has_rfp, has_anteproyecto, k_red_index,is_archived,motive_id,opportunity_type_id,id) VALUES ('Mejoras a aplicatico SAP (Sociedad Argentina de Patologia)',100,12,41,15,18,35,NULL,'NONE',NULL,NULL,NULL,NULL,'2023-01-01','2023-01-01',NULL,NULL,NULL,NULL,NULL,FALSE,NULL,4,TRUE,NULL,19,15);
INSERT INTO opportunities (name, account_id, status_id, manager_id, responsible_dc_id, responsible_business_id, responsible_tech_id, percentage, color_code, start_date,understanding_date,scope_date,coe_date, delivery_date, real_delivery_date, estimated_hours, estimated_term_months, work_plan_link, has_ia_proposal, has_prototype, has_rfp, has_anteproyecto, k_red_index,is_archived,motive_id,opportunity_type_id,id) VALUES ('Propuesta Testing Factory',98,12,41,15,18,35,NULL,'NONE',NULL,NULL,NULL,NULL,'2023-01-01','2023-01-01',NULL,NULL,NULL,NULL,NULL,FALSE,NULL,4,TRUE,NULL,11,14);
INSERT INTO opportunities (name, account_id, status_id, manager_id, responsible_dc_id, responsible_business_id, responsible_tech_id, percentage, color_code, start_date,understanding_date,scope_date,coe_date, delivery_date, real_delivery_date, estimated_hours, estimated_term_months, work_plan_link, has_ia_proposal, has_prototype, has_rfp, has_anteproyecto, k_red_index,is_archived,motive_id,opportunity_type_id,id) VALUES ('Migrar componentes a la nube',92,6,41,15,18,35,NULL,'NONE',NULL,NULL,NULL,NULL,'2023-01-01','2023-01-01',NULL,NULL,NULL,NULL,NULL,FALSE,NULL,4,TRUE,6,10,13);
INSERT INTO opportunities (name, account_id, status_id, manager_id, responsible_dc_id, responsible_business_id, responsible_tech_id, percentage, color_code, start_date,understanding_date,scope_date,coe_date, delivery_date, real_delivery_date, estimated_hours, estimated_term_months, work_plan_link, has_ia_proposal, has_prototype, has_rfp, has_anteproyecto, k_red_index,is_archived,motive_id,opportunity_type_id,id) VALUES ('DATA GOVERNANCE',88,14,40,15,18,35,NULL,'NONE',NULL,NULL,NULL,NULL,'2023-01-01','2023-01-01',NULL,NULL,NULL,NULL,NULL,FALSE,NULL,4,TRUE,7,13,12);
INSERT INTO opportunities (name, account_id, status_id, manager_id, responsible_dc_id, responsible_business_id, responsible_tech_id, percentage, color_code, start_date,understanding_date,scope_date,coe_date, delivery_date, real_delivery_date, estimated_hours, estimated_term_months, work_plan_link, has_ia_proposal, has_prototype, has_rfp, has_anteproyecto, k_red_index,is_archived,motive_id,opportunity_type_id,id) VALUES ('Magiis - Testing',85,6,40,15,18,35,NULL,'NONE',NULL,NULL,NULL,NULL,'2023-01-01','2023-01-01',NULL,NULL,NULL,NULL,NULL,FALSE,NULL,4,TRUE,6,11,11);
INSERT INTO opportunities (name, account_id, status_id, manager_id, responsible_dc_id, responsible_business_id, responsible_tech_id, percentage, color_code, start_date,understanding_date,scope_date,coe_date, delivery_date, real_delivery_date, estimated_hours, estimated_term_months, work_plan_link, has_ia_proposal, has_prototype, has_rfp, has_anteproyecto, k_red_index,is_archived,motive_id,opportunity_type_id,id) VALUES ('Consultoria BI- Inteligencia Artificial',78,6,41,15,18,35,NULL,'NONE',NULL,NULL,NULL,NULL,'2023-01-01','2023-01-01',NULL,NULL,NULL,NULL,NULL,FALSE,NULL,4,TRUE,4,13,10);
INSERT INTO opportunities (name, account_id, status_id, manager_id, responsible_dc_id, responsible_business_id, responsible_tech_id, percentage, color_code, start_date,understanding_date,scope_date,coe_date, delivery_date, real_delivery_date, estimated_hours, estimated_term_months, work_plan_link, has_ia_proposal, has_prototype, has_rfp, has_anteproyecto, k_red_index,is_archived,motive_id,opportunity_type_id,id) VALUES ('Rediseño Web - Conexión Locatarios (Fase III)',67,5,41,15,18,35,NULL,'NONE',NULL,NULL,NULL,NULL,'2023-01-01','2023-01-01',NULL,NULL,NULL,NULL,NULL,FALSE,NULL,4,TRUE,4,1,9);
INSERT INTO opportunities (name, account_id, status_id, manager_id, responsible_dc_id, responsible_business_id, responsible_tech_id, percentage, color_code, start_date,understanding_date,scope_date,coe_date, delivery_date, real_delivery_date, estimated_hours, estimated_term_months, work_plan_link, has_ia_proposal, has_prototype, has_rfp, has_anteproyecto, k_red_index,is_archived,motive_id,opportunity_type_id,id) VALUES ('Redefinición Formulario de Impuestos (FDI)',67,14,41,15,18,35,NULL,'NONE',NULL,NULL,NULL,NULL,'2023-01-01','2023-01-01',NULL,NULL,NULL,NULL,NULL,FALSE,NULL,4,TRUE,2,1,8);
INSERT INTO opportunities (name, account_id, status_id, manager_id, responsible_dc_id, responsible_business_id, responsible_tech_id, percentage, color_code, start_date,understanding_date,scope_date,coe_date, delivery_date, real_delivery_date, estimated_hours, estimated_term_months, work_plan_link, has_ia_proposal, has_prototype, has_rfp, has_anteproyecto, k_red_index,is_archived,motive_id,opportunity_type_id,id) VALUES ('Desarrollo Compra de Tickets',60,6,41,15,18,35,NULL,'NONE',NULL,NULL,NULL,NULL,'2023-01-01','2023-01-01',NULL,NULL,NULL,NULL,NULL,FALSE,NULL,4,TRUE,6,1,7);
INSERT INTO opportunities (name, account_id, status_id, manager_id, responsible_dc_id, responsible_business_id, responsible_tech_id, percentage, color_code, start_date,understanding_date,scope_date,coe_date, delivery_date, real_delivery_date, estimated_hours, estimated_term_months, work_plan_link, has_ia_proposal, has_prototype, has_rfp, has_anteproyecto, k_red_index,is_archived,motive_id,opportunity_type_id,id) VALUES ('App Vida - Ethical Hacking',56,6,40,15,18,35,NULL,'NONE',NULL,NULL,NULL,NULL,'2023-01-01','2023-01-01',NULL,NULL,NULL,NULL,NULL,FALSE,NULL,4,TRUE,6,7,6);
INSERT INTO opportunities (name, account_id, status_id, manager_id, responsible_dc_id, responsible_business_id, responsible_tech_id, percentage, color_code, start_date,understanding_date,scope_date,coe_date, delivery_date, real_delivery_date, estimated_hours, estimated_term_months, work_plan_link, has_ia_proposal, has_prototype, has_rfp, has_anteproyecto, k_red_index,is_archived,motive_id,opportunity_type_id,id) VALUES ('RPA',53,6,40,15,18,35,NULL,'NONE',NULL,NULL,NULL,NULL,'2023-01-01','2023-01-01',NULL,NULL,NULL,NULL,NULL,FALSE,NULL,4,TRUE,6,18,5);
INSERT INTO opportunities (name, account_id, status_id, manager_id, responsible_dc_id, responsible_business_id, responsible_tech_id, percentage, color_code, start_date,understanding_date,scope_date,coe_date, delivery_date, real_delivery_date, estimated_hours, estimated_term_months, work_plan_link, has_ia_proposal, has_prototype, has_rfp, has_anteproyecto, k_red_index,is_archived,motive_id,opportunity_type_id,id) VALUES ('Reingenieria de APP Onboarding',47,6,41,15,18,35,NULL,'NONE',NULL,NULL,NULL,NULL,'2023-01-01','2023-01-01',NULL,NULL,NULL,NULL,NULL,FALSE,NULL,4,TRUE,6,1,4);
INSERT INTO opportunities (name, account_id, status_id, manager_id, responsible_dc_id, responsible_business_id, responsible_tech_id, percentage, color_code, start_date,understanding_date,scope_date,coe_date, delivery_date, real_delivery_date, estimated_hours, estimated_term_months, work_plan_link, has_ia_proposal, has_prototype, has_rfp, has_anteproyecto, k_red_index,is_archived,motive_id,opportunity_type_id,id) VALUES ('Fango Bachas ',44,14,40,15,18,35,NULL,'NONE',NULL,NULL,NULL,NULL,'2023-01-01','2023-01-01',NULL,NULL,NULL,NULL,NULL,FALSE,NULL,4,TRUE,7,20,3);
INSERT INTO opportunities (name, account_id, status_id, manager_id, responsible_dc_id, responsible_business_id, responsible_tech_id, percentage, color_code, start_date,understanding_date,scope_date,coe_date, delivery_date, real_delivery_date, estimated_hours, estimated_term_months, work_plan_link, has_ia_proposal, has_prototype, has_rfp, has_anteproyecto, k_red_index,is_archived,motive_id,opportunity_type_id,id) VALUES ('Celula de Testing',32,12,41,15,18,35,NULL,'NONE',NULL,NULL,NULL,NULL,'2023-01-01','2023-01-01',NULL,NULL,NULL,NULL,NULL,FALSE,NULL,4,TRUE,NULL,11,2);
INSERT INTO opportunities (name, account_id, status_id, manager_id, responsible_dc_id, responsible_business_id, responsible_tech_id, percentage, color_code, start_date,understanding_date,scope_date,coe_date, delivery_date, real_delivery_date, estimated_hours, estimated_term_months, work_plan_link, has_ia_proposal, has_prototype, has_rfp, has_anteproyecto, k_red_index,is_archived,motive_id,opportunity_type_id,id) VALUES ('Servicio de RPA',29,14,41,15,18,35,NULL,'NONE',NULL,NULL,NULL,NULL,'2023-01-01','2023-01-01',NULL,NULL,NULL,NULL,NULL,FALSE,NULL,4,TRUE,7,18,1)
ON CONFLICT (id) DO UPDATE SET name = EXCLUDED.name;
-- Ajustar la secuencia para que el próximo ID sea 14
SELECT setval('opportunities_id_seq', 200, true);

-- Observaciones de Ejemplo
TRUNCATE TABLE opportunity_observations RESTART IDENTITY CASCADE;
INSERT INTO opportunity_observations (opportunity_id,text) VALUES (194,'El 6/1 el  cliente no se presentó a la reunión. Se reagenda');
INSERT INTO opportunity_observations (opportunity_id,text) VALUES (190,'Se reagendo reunión para 9/1');
INSERT INTO opportunity_observations (opportunity_id,text) VALUES (192,'El cliente solicita una POC para el 1er Q 2026');
INSERT INTO opportunity_observations (opportunity_id,text) VALUES (179,'Agendada la reunión de entendimiento, el cliente indico que se requerirán varias reuniones hasta cerrar el alcance.');
INSERT INTO opportunity_observations (opportunity_id,text) VALUES (199,'Se evaluó realizar  este proyecto con los Analistas de Negocio de preventa.');
INSERT INTO opportunity_observations (opportunity_id,text) VALUES (196,'Se planifica reunión de entendimiento con usuarios para que cierren alcance durante la primer semana de enero');
INSERT INTO opportunity_observations (opportunity_id,text) VALUES (200,'Se elabora una propuesta de Ante - Proyecto');
INSERT INTO opportunity_observations (opportunity_id,text) VALUES (197,'Se aguardan respuestas del cliente, a las consultas técnicas.');
INSERT INTO opportunity_observations (opportunity_id,text) VALUES (195,'Se presentó la propuesta comercial el 2/1');
INSERT INTO opportunity_observations (opportunity_id,text) VALUES (193,'Se entrega la propuesta técnica y entramos en licitación. Se hace seguimiento comercial hasta el 19/01');
INSERT INTO opportunity_observations (opportunity_id,text) VALUES (184,'Se presenta propuesta técnico y comercial 11/12 y El cliente informa que pone standby la inversión hasta el 1/4');
INSERT INTO opportunity_observations (opportunity_id,text) VALUES (188,'Se hizo la reunión con Pablo Salazar se espera la OC  y la entrega formal del código fuente. Posible fecha de adjudicación el 20/01');
INSERT INTO opportunity_observations (opportunity_id,text) VALUES (154,'En negociación final. Se aguarda la OC, el cliente confirmo que avanza con nosotros a partir de febrero cuando llegue la OC.');
INSERT INTO opportunity_observations (opportunity_id,text) VALUES (167,'EL alcance de la propuesta esta en negociación con el área comercial .
Esto pasa al DC y se manejará como cambio de alcance ya que las funcionalidades incluidas en la propuesta del MVP3 media y baja no se desarrollaran en esta etapa quedando solo aprobado:
1.- INTEGRACION CON ML NET (Productores y SPD)
2.- REPORTE CON A SPD.
3.- ADMINISTRACION COMISIONES: CONSULTAS x PERFIL');
INSERT INTO opportunity_observations (opportunity_id,text) VALUES (180,'Queda a la espera de cerrar temas comerciales previos. Proyecto pausado por el área comercial');
INSERT INTO opportunity_observations (opportunity_id,text) VALUES (198,'Se desestima por que el partner no puede brindar el servicio requerido');
INSERT INTO opportunity_observations (opportunity_id,text) VALUES (181,'Se entregó la propuesta técnica. Se hace seguimiento y durante enero el cliente NO responde');
INSERT INTO opportunity_observations (opportunity_id,text) VALUES (185,'EL 10/12 se renvió propuesta comercial ajustada y se espera respuesta del cliente. Se esta haciendo el seguimiento comercial ');
INSERT INTO opportunity_observations (opportunity_id,text) VALUES (176,'El cliente solicitó extender las capacitaciones una semana mas. Se espera la OC.');
INSERT INTO opportunity_observations (opportunity_id,text) VALUES (191,'El cliente agradece el compromiso pero decidió realizar el desarrollo con recursos internos. ');
INSERT INTO opportunity_observations (opportunity_id,text) VALUES (177,'EL cliente holdea la oportunidad hasta nuevo aviso.
Propuesta enviada el 17/10. estamos a la espera de novedades se hace seguimiento durante noviembre vía Portal. Hasta el 19/12 sin adjudicación en el portal de ICBC');
INSERT INTO opportunity_observations (opportunity_id,text) VALUES (189,'Por el momento queda desestimada por el cliente ');
INSERT INTO opportunity_observations (opportunity_id,text) VALUES (187,'Desestima por la Dirección de CFOTech');
INSERT INTO opportunity_observations (opportunity_id,text) VALUES (186,'Carlos Giorgi solicita no presentarnos por falta de respuesta de GCBA y el corto plazo de presentación');
INSERT INTO opportunity_observations (opportunity_id,text) VALUES (183,'No se pudo cotizar el servicio de Software Factory para SAP (u0% del servicio) porque nuestro partner de SAP Stratesys evaluo la propuesta y resolvio que np ódian brindar el servicio requerido en el pliego.');
INSERT INTO opportunity_observations (opportunity_id,text) VALUES (182,'No pudimos presentarnos al  RFP, no cumplimos con los requisitos que son excluyentes y requeridos para dar servicio sobre la suite de herramientas de CA Broadcom');
INSERT INTO opportunity_observations (opportunity_id,text) VALUES (178,'Preventa y el COE define que no nos podemos presentar porque la ON requiere cotizar Licencias y Capacitaciones de un producto  que no comercializamos y del cual no tenemos conocimiento dentro de CFOTech ');
INSERT INTO opportunity_observations (opportunity_id,text) VALUES (175,'Propuesta presentada estamos a la espera de la resolución del cliente. Se cotizaron perfiles y hasta que no se adjudique no sabemos que cantidad de personas va en cada uno.');
INSERT INTO opportunity_observations (opportunity_id,text) VALUES (174,'Se esta realizando seguimiento a la oportunidad, hasta el momento sin respuesta.');
INSERT INTO opportunity_observations (opportunity_id,text) VALUES (173,'El cliente no cuenta con presupuesto para esta iniciativa');
INSERT INTO opportunity_observations (opportunity_id,text) VALUES (172,'El cliente aprobo avanzar con el alcance de prioridad Alta MVP3.1. Se hace el traspaso de estos temas');
INSERT INTO opportunity_observations (opportunity_id,text) VALUES (171,'Esperando reunión con el cliente');
INSERT INTO opportunity_observations (opportunity_id,text) VALUES (170,'El cliente aprobó el presupuesto y se espera contar con el equipo completo la primer semana de diciembre. ');
INSERT INTO opportunity_observations (opportunity_id,text) VALUES (169,'El cliente informá que cambiará el alcance del proyecto particionándolo. Estamos a la espera de la nueva documentación. Se hace seguimiento durante noviembre');
INSERT INTO opportunity_observations (opportunity_id,text) VALUES (168,'Se presenta una propuesta de Capacity servicie por una célula de QA el cliente desestima por falta de presupuesto');
INSERT INTO opportunity_observations (opportunity_id,text) VALUES (166,'El cliente analiza propuesta y evalúa costos con el directorio. El cliente informa que han suspendido las inversiones en nuevos proyectos.');
INSERT INTO opportunity_observations (opportunity_id,text) VALUES (165,'El cliente desetima la ON ');
INSERT INTO opportunity_observations (opportunity_id,text) VALUES (164,'Pendiente de envío ');
INSERT INTO opportunity_observations (opportunity_id,text) VALUES (163,'Se ofrecerá un capacity acorde a su presupuesto y se ajustará la propuesta.');
INSERT INTO opportunity_observations (opportunity_id,text) VALUES (162,'La propuesta técnica estaba acorde pero se perdió por horas y precio');
INSERT INTO opportunity_observations (opportunity_id,text) VALUES (161,' este proyecto sea adjudjudicó a un conocido que trabaja de forma independiente.');
INSERT INTO opportunity_observations (opportunity_id,text) VALUES (160,'Aun el cliente no adjudicó pero quedará para el año que viene');
INSERT INTO opportunity_observations (opportunity_id,text) VALUES (159,'Se redujo el alcance , se envió nueva propuesta y se aguarda respuesta del cliente');
INSERT INTO opportunity_observations (opportunity_id,text) VALUES (157,'Gabriel Gil informa que avanzaran con una solución entalada.');
INSERT INTO opportunity_observations (opportunity_id,text) VALUES (156,'Cliente la pospone para el 2026');
INSERT INTO opportunity_observations (opportunity_id,text) VALUES (155,'Llego la orden de compra la próxima semana se hace el traspaso al DC');
INSERT INTO opportunity_observations (opportunity_id,text) VALUES (152,'Se define en septiembre el cliente debe cerrar tema inversión ');
INSERT INTO opportunity_observations (opportunity_id,text) VALUES (151,'El cliente desestimo la propuesta por costo y solicitó cotizar un equipo diferente, se cotizó un capacity service y Ocasa responde la próxima semana');
INSERT INTO opportunity_observations (opportunity_id,text) VALUES (150,'El cliente respondió que esta en revisión debido a otros proyectos con mayor prioridad se definirá durante Octubre');
INSERT INTO opportunity_observations (opportunity_id,text) VALUES (149,'El cliente informa que definieron no avanzar con esta inversión durante este año');
INSERT INTO opportunity_observations (opportunity_id,text) VALUES (148,'En proceso de negociación con compras a la espera de la OC. Quedamos elegidos por la propuesta técnica y entro en negociación comercial.  El cliente informa que no cuenta con presupuesta para iniciar el proyecto este año');
INSERT INTO opportunity_observations (opportunity_id,text) VALUES (147,'Adjudicaron a un proveedor ya conocido y cuyo precio fue menor');
INSERT INTO opportunity_observations (opportunity_id,text) VALUES (146,'Excede el presupuesto del cliente ');
INSERT INTO opportunity_observations (opportunity_id,text) VALUES (145,'El cliente queda a la espera de cerrar las definiciones de la nueva oportunidad complementaria.  El cliente informa que han suspendido las inversiones en nuevos proyectos.');
INSERT INTO opportunity_observations (opportunity_id,text) VALUES (140,'El cliente informó que no avanzan con estos desarrollos se pidio reunión para enteder la razon ');
INSERT INTO opportunity_observations (opportunity_id,text) VALUES (136,'Entro la OC se hizo el trasapado al equipo del DC');
INSERT INTO opportunity_observations (opportunity_id,text) VALUES (135,'Se define primer semana agosto, es probable que se adjudique a otro proveedor');
INSERT INTO opportunity_observations (opportunity_id,text) VALUES (129,'La propuesta fue de licencias por automatización y no agrega recursos se  ejecuta con el equipo actual. Por temas de presupuesto se posterga hasta el año que viene ');
INSERT INTO opportunity_observations (opportunity_id,text) VALUES (122,'Se da de baja porque el cliente aun no pudo conseguir presupuesto para este año')
ON CONFLICT (id) DO UPDATE SET opportunity_id = EXCLUDED.opportunity_id;
SELECT setval('opportunity_observations_id_seq', 59, true);